Team,Name,DT,PL_D10U5,PL_D5U2,PL_D2U1.5,PL_D1U1,PL_D0.5U0.5,PL_U0.5D0.5,PL_U1U0,PL_U2U1,PL_U5U2,PL_U10U5
ANG,ANG:912X:ANG:6760,02-Apr-2024 11:26:20_PVS Date :2024-04-01 00:00:00,102,22,-8,-6,-2,-1,-8,-20,-27,-27
BKC,BRIJDAMANI:707X:BKC:2748,02-Apr-2024 11:26:20_PVS Date :2024-04-01 00:00:00,-190,-64,-5,0,0,0,0,-2,-25,-93
DEL,DELHI:913P:DEL:6760,02-Apr-2024 11:26:20_PVS Date :2024-04-01 00:00:00,-944,-333,-30,4,5,0,-14,-77,-379,-977
DEL,DELHIBSE:301X:DEL:6760,02-Apr-2024 11:26:20_PVS Date :2024-04-01 00:00:00,-1,-1,1,0,0,0,0,-1,-1,-1
GQC,GQC1:1444:GQC:3600,02-Apr-2024 11:26:20_PVS Date :2024-04-01 00:00:00,-37,-17,-6,-2,-1,0,-1,-3,-12,-27
GQC,GQC1:1444:GQC:3601,02-Apr-2024 11:26:20_PVS Date :2024-04-01 00:00:00,-55,-26,-8,-3,-1,0,-1,-5,-18,-40
GQC,GQC1:1444:GQC:3607,02-Apr-2024 11:26:20_PVS Date :2024-04-01 00:00:00,-36,-17,-5,-2,-1,0,-1,-3,-12,-27
GQC,GQC1:1444:GQC:3610,02-Apr-2024 11:26:20_PVS Date :2024-04-01 00:00:00,-96,-45,-14,-5,-2,0,-2,-8,-32,-72
GQC,GQC1:1444:GQC:3615,02-Apr-2024 11:26:20_PVS Date :2024-04-01 00:00:00,-36,-17,-5,-2,-1,0,-1,-3,-12,-27
GQC,GQC1:1444:GQC:3616,02-Apr-2024 11:26:20_PVS Date :2024-04-01 00:00:00,-66,-31,-10,-4,-1,0,-1,-6,-22,-48
GQC,GQC1:1444:GQC:3617,02-Apr-2024 11:26:20_PVS Date :2024-04-01 00:00:00,-65,-30,-10,-4,-1,0,-1,-6,-22,-48
GQC,GQC1:1444:GQC:3620,02-Apr-2024 11:26:20_PVS Date :2024-04-01 00:00:00,-65,-30,-10,-4,-1,0,-1,-6,-22,-48
GQC,GQC2:1344:GQC:3600,02-Apr-2024 11:26:20_PVS Date :2024-04-01 00:00:00,-34,-16,-5,-2,-1,0,-1,-4,-13,-29
GQC,GQC2:1344:GQC:3601,02-Apr-2024 11:26:20_PVS Date :2024-04-01 00:00:00,-48,-22,-7,-3,-1,0,-2,-6,-21,-46
GQC,GQC2:1344:GQC:3607,02-Apr-2024 11:26:20_PVS Date :2024-04-01 00:00:00,-32,-15,-5,-2,-1,0,-1,-4,-14,-32
GQC,GQC2:1344:GQC:3610,02-Apr-2024 11:26:20_PVS Date :2024-04-01 00:00:00,-74,-34,-11,-4,-1,0,-2,-9,-32,-70
GQC,GQC2:1344:GQC:3615,02-Apr-2024 11:26:20_PVS Date :2024-04-01 00:00:00,-32,-15,-5,-2,-1,0,-1,-4,-14,-32
GQC,GQC2:1344:GQC:3616,02-Apr-2024 11:26:20_PVS Date :2024-04-01 00:00:00,-59,-28,-9,-3,-1,0,-2,-7,-24,-53
GQC,GQC2:1344:GQC:3617,02-Apr-2024 11:26:20_PVS Date :2024-04-01 00:00:00,-59,-27,-9,-3,-1,0,-2,-7,-25,-55
GQC,GQC2:1344:GQC:3620,02-Apr-2024 11:26:20_PVS Date :2024-04-01 00:00:00,-59,-28,-9,-3,-1,0,-2,-7,-24,-54
GQO,GQO1:1144:GQO:3596,02-Apr-2024 11:26:20_PVS Date :2024-04-01 00:00:00,-145,-62,-14,-3,-1,-2,-6,-19,-68,-151
GQO,GQO2:1442:GQO:2051,02-Apr-2024 11:26:20_PVS Date :2024-04-01 00:00:00,-342,-162,-54,-21,-8,1,-4,-25,-102,-230
GQO,GQO3:1443:GQO:2660,02-Apr-2024 11:26:20_PVS Date :2024-04-01 00:00:00,-368,-169,-51,-18,-6,0,-8,-33,-122,-274
GQO,GQO4:1041:GQO:6760,02-Apr-2024 11:26:20_PVS Date :2024-04-01 00:00:00,-395,-181,-54,-18,-6,-2,-10,-36,-128,-284
GQO,GQO5:1141:GQO:6760,02-Apr-2024 11:26:20_PVS Date :2024-04-01 00:00:00,-395,-181,-54,-18,-6,-2,-10,-36,-128,-284
GQO,GQO6:1342:GQO:6760,02-Apr-2024 11:26:20_PVS Date :2024-04-01 00:00:00,-342,-162,-54,-21,-8,1,-4,-25,-102,-230
GQO,GQO7:1044:GQO:6760,02-Apr-2024 11:26:20_PVS Date :2024-04-01 00:00:00,-125,-53,-11,-2,0,-3,-9,-24,-79,-173
GQO,GQO8:1043:GQO:6760,02-Apr-2024 11:26:20_PVS Date :2024-04-01 00:00:00,-368,-169,-51,-18,-6,0,-8,-33,-122,-274
GQO,GQO9:1445:GQO:3599,02-Apr-2024 11:26:20_PVS Date :2024-04-01 00:00:00,-342,-162,-54,-21,-8,1,-4,-25,-102,-230
GQS,GQS1:1441:GQS:6760,02-Apr-2024 11:26:20_PVS Date :2024-04-01 00:00:00,-125,-57,-18,-6,-2,0,-2,-11,-40,-89
GQS,GQS2:1142:GQS:6760,02-Apr-2024 11:26:20_PVS Date :2024-04-01 00:00:00,-360,-169,-55,-21,-8,0,-9,-36,-133,-296
HDC,ALTG-15:1016:HDC:3600,02-Apr-2024 11:26:20_PVS Date :2024-04-01 00:00:00,-45,-19,-4,-1,0,0,-1,-3,-14,-32
HDC,ALTG-15:1016:HDC:3607,02-Apr-2024 11:26:20_PVS Date :2024-04-01 00:00:00,-40,-17,-4,-1,0,0,-1,-2,-11,-25
HDC,ALTG-15:1016:HDC:3610,02-Apr-2024 11:26:20_PVS Date :2024-04-01 00:00:00,-46,-19,-4,-1,0,0,-1,-3,-14,-32
HDC,ALTG-15:1016:HDC:3615,02-Apr-2024 11:26:20_PVS Date :2024-04-01 00:00:00,-80,-34,-8,-2,0,0,-1,-5,-21,-50
HDC,ALTG-15:1016:HDC:3616,02-Apr-2024 11:26:20_PVS Date :2024-04-01 00:00:00,-64,-28,-7,-2,0,0,-1,-3,-16,-38
HDC,ALTG-15:1016:HDC:3617,02-Apr-2024 11:26:20_PVS Date :2024-04-01 00:00:00,-128,-55,-13,-4,-1,0,-1,-7,-32,-76
HDC,ALTG-15:1016:HDC:3620,02-Apr-2024 11:26:20_PVS Date :2024-04-01 00:00:00,-40,-17,-4,-1,0,0,-1,-2,-11,-25
HDC,ALTG-15:1016:HDC:3624,02-Apr-2024 11:26:20_PVS Date :2024-04-01 00:00:00,-70,-30,-7,-2,0,0,-1,-4,-18,-43
HDG,HEDGE:799X:HDG:2051,02-Apr-2024 11:26:20_PVS Date :2024-04-01 00:00:00,340,140,61,33,16,-15,-15,-14,-35,-42
HDG,HEDGE:799X:HDG:9771,02-Apr-2024 11:26:20_PVS Date :2024-04-01 00:00:00,144,60,26,14,7,-7,-6,-6,-15,-18
HDO,ALTG-12:1201:HDO:9771,02-Apr-2024 11:26:20_PVS Date :2024-04-01 00:00:00,212,-120,-67,-21,-7,-6,-12,-33,-62,136
HDO,ALTG-13:1002:HDO:2003,02-Apr-2024 11:26:20_PVS Date :2024-04-01 00:00:00,210,-120,-67,-21,-7,-6,-12,-33,-61,136
HDO,ALTG-14:1005:HDO:2051,02-Apr-2024 11:26:20_PVS Date :2024-04-01 00:00:00,141,-79,-44,-14,-5,-4,-8,-22,-41,91
HDO,ALTG-14:1005:HDO:6760,02-Apr-2024 11:26:20_PVS Date :2024-04-01 00:00:00,73,-39,-22,-7,-2,-2,-4,-11,-21,44
HDO,ALTG-15:1016:HDO:2056,02-Apr-2024 11:26:20_PVS Date :2024-04-01 00:00:00,-217,-91,-22,-7,-2,0,-1,-7,-33,-82
HDO,ALTG-15:1016:HDO:3596,02-Apr-2024 11:26:20_PVS Date :2024-04-01 00:00:00,-80,-34,-8,-2,0,0,-1,-5,-21,-50
HDO,ALTG-15:1016:HDO:3599,02-Apr-2024 11:26:20_PVS Date :2024-04-01 00:00:00,-79,-34,-8,-2,0,0,-1,-5,-21,-50
HDO,ALTG-16:1307:HDO:6760,02-Apr-2024 11:26:20_PVS Date :2024-04-01 00:00:00,206,-121,-68,-21,-7,-6,-12,-33,-62,135
HDO,ALTG-17:1310:HDO:6760,02-Apr-2024 11:26:20_PVS Date :2024-04-01 00:00:00,198,-126,-69,-22,-7,-6,-12,-32,-60,138
HDO,ALTG-18:1204:HDO:9771,02-Apr-2024 11:26:20_PVS Date :2024-04-01 00:00:00,213,-119,-67,-21,-7,-6,-12,-33,-61,137
HDO,ALTG-19:1212:HDO:9771,02-Apr-2024 11:26:20_PVS Date :2024-04-01 00:00:00,-1082,-633,-204,-62,-17,-5,-37,-137,-473,-952
HDO,ALTG-20:1318:HDO:6760,02-Apr-2024 11:26:20_PVS Date :2024-04-01 00:00:00,84,-117,-47,-14,-2,-1,-5,-19,-40,118
HDO,ALTG-21:708X:HDO:6760,02-Apr-2024 11:26:20_PVS Date :2024-04-01 00:00:00,-563,-404,-181,-64,-25,-12,-31,-81,-215,-335
HDO,ALTG-23:1023:HDO:6760,02-Apr-2024 11:26:20_PVS Date :2024-04-01 00:00:00,217,-118,-67,-21,-7,-6,-12,-33,-63,134
HDO,ALTG-24:1405:HDO:6760,02-Apr-2024 11:26:20_PVS Date :2024-04-01 00:00:00,211,-119,-67,-21,-7,-6,-12,-33,-63,134
HDO,ALTG-25:1024:HDO:2003,02-Apr-2024 11:26:20_PVS Date :2024-04-01 00:00:00,213,-119,-67,-21,-7,-6,-12,-33,-62,136
HDO,ALTG-26:1025:HDO:6760,02-Apr-2024 11:26:20_PVS Date :2024-04-01 00:00:00,218,-118,-67,-21,-7,-6,-12,-33,-62,135
HDO,ALTG-27:1801:HDO:9771,02-Apr-2024 11:26:20_PVS Date :2024-04-01 00:00:00,-153,-550,-335,-130,-41,-26,-95,-264,-608,-937
HDO,ALTG-28:1028:HDO:6760,02-Apr-2024 11:26:20_PVS Date :2024-04-01 00:00:00,13,-190,-93,-30,-9,-4,-14,-48,-132,-53
HDO,ALTG-29:1029:HDO:6760,02-Apr-2024 11:26:20_PVS Date :2024-04-01 00:00:00,115,-49,-42,-17,-7,-2,-5,-9,13,136
HEO,MISC:705X:HEO:3577,02-Apr-2024 11:26:20_PVS Date :2024-04-01 00:00:00,0,0,0,0,0,0,1,4,14,31
HEO,RAVIST:705X:HEO:6760,02-Apr-2024 11:26:20_PVS Date :2024-04-01 00:00:00,-1217,-332,-9,0,0,0,1,1,-150,-356
HEO,SPDM:102X:HEO:6760,02-Apr-2024 11:26:20_PVS Date :2024-04-01 00:00:00,-574,-70,-2,0,0,0,-2,-5,-144,-717
HEO,SPDM:625X:HEO:9771,02-Apr-2024 11:26:20_PVS Date :2024-04-01 00:00:00,-851,-104,-4,-1,0,0,-1,-3,-167,-976
JAI,DEEPAKGUPTA:518X:JAI:2003,02-Apr-2024 11:26:20_PVS Date :2024-04-01 00:00:00,9,4,2,1,0,-1,-1,-2,-5,-9
JAI,DIPESHJAIN:119X:JAI:6760,02-Apr-2024 11:26:20_PVS Date :2024-04-01 00:00:00,486,42,10,12,10,2,4,6,-11,87
JAI,GAURAVDONDA:105X:JAI:6760,02-Apr-2024 11:26:20_PVS Date :2024-04-01 00:00:00,-21,-6,-1,0,1,1,0,-2,-11,-34
JAI,GAURAVUDESHI:942X:JAI:6760,02-Apr-2024 11:26:20_PVS Date :2024-04-01 00:00:00,219,42,-4,-3,-2,2,3,8,56,203
JAI,HARISHLADDHA:951X:JAI:6760,02-Apr-2024 11:26:20_PVS Date :2024-04-01 00:00:00,2,-13,-5,-2,-1,1,0,-5,-26,-66
JAI,HARSHMEHTA:109X:JAI:6760,02-Apr-2024 11:26:20_PVS Date :2024-04-01 00:00:00,265,62,3,-2,-1,1,1,-4,-7,36
JAI,JAYDEEPV:954X:JAI:6760,02-Apr-2024 11:26:20_PVS Date :2024-04-01 00:00:00,-3,-20,-8,-4,-2,2,3,1,-17,-37
JAI,JAYESHPARMAR:109X:JAI:6760,02-Apr-2024 11:26:20_PVS Date :2024-04-01 00:00:00,61,8,-1,-1,-1,0,0,0,12,77
JAI,JINKALSHAH:113X:JAI:6760,02-Apr-2024 11:26:20_PVS Date :2024-04-01 00:00:00,773,121,-20,-11,-5,2,2,15,156,551
JAI,JOGESHMOURYA:939X:JAI:6760,02-Apr-2024 11:26:20_PVS Date :2024-04-01 00:00:00,136,-2,-9,-6,-5,-2,-5,-29,-190,-612
JAI,LALITJAIN:104X:JAI:6760,02-Apr-2024 11:26:20_PVS Date :2024-04-01 00:00:00,594,108,54,44,33,6,14,29,20,168
JAI,MANISHNIHARIA:952X:JAI:6760,02-Apr-2024 11:26:20_PVS Date :2024-04-01 00:00:00,141,10,-3,-3,-3,-1,-2,-5,-17,-18
JAI,MANOJDINODIA:948X:JAI:6760,02-Apr-2024 11:26:20_PVS Date :2024-04-01 00:00:00,94,0,-2,0,0,0,-2,-1,73,385
JAI,MILANDOSHI:116X:JAI:6760,02-Apr-2024 11:26:20_PVS Date :2024-04-01 00:00:00,238,57,3,-2,-1,1,1,-5,-12,24
JAI,NAYANGADA:533X:JAI:6760,02-Apr-2024 11:26:20_PVS Date :2024-04-01 00:00:00,-16,-44,-36,-16,-6,-1,-8,-22,11,118
JAI,NIKITMEHTA:107X:JAI:6760,02-Apr-2024 11:26:20_PVS Date :2024-04-01 00:00:00,664,107,0,-2,-1,0,-1,5,75,309
JAI,PANKITSHAH:536X:JAI:6760,02-Apr-2024 11:26:20_PVS Date :2024-04-01 00:00:00,-81,-64,-12,-2,-1,-7,-13,-28,-53,60
JAI,PRATIKMAURYA:953X:JAI:6760,02-Apr-2024 11:26:20_PVS Date :2024-04-01 00:00:00,51,-1,-3,-2,-1,0,-1,-5,-22,-49
JAI,RAHULSHAH:111X:JAI:6760,02-Apr-2024 11:26:20_PVS Date :2024-04-01 00:00:00,722,180,27,18,9,-20,-13,8,111,488
JAI,RITESHHSHAH:515X:JAI:6760,02-Apr-2024 11:26:20_PVS Date :2024-04-01 00:00:00,166,34,-3,-3,-2,2,3,5,26,103
JAI,RITESHJSHAH:505X:JAI:6760,02-Apr-2024 11:26:20_PVS Date :2024-04-01 00:00:00,134,61,34,20,12,-8,-20,-49,-34,30
JAI,RUPESHC:919X:JAI:6760,02-Apr-2024 11:26:20_PVS Date :2024-04-01 00:00:00,90,39,14,7,3,-2,-4,-8,-14,-14
JAI,RUSHABHSHAH:935X:JAI:6760,02-Apr-2024 11:26:20_PVS Date :2024-04-01 00:00:00,201,46,-1,-3,-2,1,1,1,20,106
JAI,SANKETMULHERKAR:524X:JAI:6760,02-Apr-2024 11:26:20_PVS Date :2024-04-01 00:00:00,82,12,-2,-1,0,-1,-3,-11,-44,-96
JAI,VATSALSHAH:530X:JAI:6760,02-Apr-2024 11:26:20_PVS Date :2024-04-01 00:00:00,128,23,-3,-2,-1,1,2,6,35,129
JAI,VIKKYDAMANI:502X:JAI:6760,02-Apr-2024 11:26:20_PVS Date :2024-04-01 00:00:00,447,51,-12,-7,-3,-2,9,35,91,777
JAI,VIKRANTYADAV:947X:JAI:6760,02-Apr-2024 11:26:20_PVS Date :2024-04-01 00:00:00,-74,-96,-34,-18,-10,-3,-7,-18,1,105
JAI,YAGNESHSHAH:110X:JAI:6760,02-Apr-2024 11:26:20_PVS Date :2024-04-01 00:00:00,1,0,0,0,0,0,0,0,0,2
JAI,YOGESHMANGE:501X:JAI:6760,02-Apr-2024 11:26:20_PVS Date :2024-04-01 00:00:00,588,-4,-25,-10,-3,3,3,-1,46,430
JAS,AADISHSHAH:938X:JAS:6760,02-Apr-2024 11:26:20_PVS Date :2024-04-01 00:00:00,308,77,10,4,1,-2,1,9,-10,-13
JAS,ARYANSINGH:945X:JAS:6760,02-Apr-2024 11:26:20_PVS Date :2024-04-01 00:00:00,-15,-7,-2,-1,0,0,0,-1,-5,-10
JAS,DEEPAKKUSHWAHA:944X:JAS:6760,02-Apr-2024 11:26:20_PVS Date :2024-04-01 00:00:00,-5,-3,-1,0,0,0,0,-1,-2,-4
JAS,HARSHILDOSHI:202X:JAS:6760,02-Apr-2024 11:26:20_PVS Date :2024-04-01 00:00:00,-97,-43,-11,-3,0,-2,-6,-16,-48,-102
JAS,HARSHILDOSHI:508X:JAS:6760,02-Apr-2024 11:26:20_PVS Date :2024-04-01 00:00:00,390,72,-19,-28,-29,-25,-20,-13,38,85
JAS,JASHNANKANI:138X:JAS:6760,02-Apr-2024 11:26:20_PVS Date :2024-04-01 00:00:00,-12,-6,-2,0,0,0,-1,-3,-9,-19
JAS,KRUPAVORA:904X:JAS:6760,02-Apr-2024 11:26:20_PVS Date :2024-04-01 00:00:00,-28,-15,-5,-2,-1,0,0,-1,-2,0
JAS,PRABHJYOTMOKHA:513X:JAS:6760,02-Apr-2024 11:26:20_PVS Date :2024-04-01 00:00:00,-1,0,0,0,0,0,0,0,-1,0
JAS,SMARANDUBEY:512X:JAS:6760,02-Apr-2024 11:26:20_PVS Date :2024-04-01 00:00:00,-68,-31,-10,-3,-1,0,-2,-8,-28,-61
JAS,TEJASNAGPAL:718X:JAS:6760,02-Apr-2024 11:26:20_PVS Date :2024-04-01 00:00:00,7,2,1,0,0,0,0,-1,-3,-8
JAS,TEJASNAGPAL:918X:JAS:6760,02-Apr-2024 11:26:20_PVS Date :2024-04-01 00:00:00,-1171,-532,-153,-49,-14,-11,-50,-164,-563,-1236
JAS,TENONADAR:510X:JAS:6760,02-Apr-2024 11:26:20_PVS Date :2024-04-01 00:00:00,-108,-50,-15,-5,-1,-1,-3,-10,-34,-74
JAS,YASH PUROHIT:525X:JAS:6760,02-Apr-2024 11:26:20_PVS Date :2024-04-01 00:00:00,7,2,1,1,0,0,0,0,1,3
JPT,ANISHSHAH:504X:JPT:6760,02-Apr-2024 11:26:20_PVS Date :2024-04-01 00:00:00,46,-3,-2,-1,0,0,1,5,28,108
JPT,ISHANTJAIN:516X:JPT:6760,02-Apr-2024 11:26:20_PVS Date :2024-04-01 00:00:00,-38,-14,-1,0,0,0,0,0,0,0
JPT,NISHANTJAIN:106X:JPT:6760,02-Apr-2024 11:26:20_PVS Date :2024-04-01 00:00:00,584,186,-27,-10,0,1,2,4,11,23
JPT,RAJESHMENON:937X:JPT:6760,02-Apr-2024 11:26:20_PVS Date :2024-04-01 00:00:00,22,7,-1,-1,-1,0,-1,-1,14,44
JPT,SHAGUNRATHORE:517X:JPT:6760,02-Apr-2024 11:26:20_PVS Date :2024-04-01 00:00:00,3,3,3,2,1,0,0,0,0,0
KAL,AMARPADHYA:506X:KAL:6760,02-Apr-2024 11:26:20_PVS Date :2024-04-01 00:00:00,-22,-8,-2,-1,0,0,0,0,3,2
KAL,ANKURSHETH:126X:KAL:6760,02-Apr-2024 11:26:20_PVS Date :2024-04-01 00:00:00,-183,-32,-2,0,0,0,0,-3,-42,-190
KAL,HITESHRAWAL:503X:KAL:6760,02-Apr-2024 11:26:20_PVS Date :2024-04-01 00:00:00,9,7,3,0,-2,-5,-4,0,-15,-47
KAL,KALPESHDESAI:131X:KAL:6760,02-Apr-2024 11:26:20_PVS Date :2024-04-01 00:00:00,-41,-32,-11,-2,0,-2,-6,-18,-49,-138
KAL,KEVINGOPANI:924X:KAL:6760,02-Apr-2024 11:26:20_PVS Date :2024-04-01 00:00:00,277,83,26,13,6,-6,0,15,57,178
KAL,MILANSHAH:128X:KAL:6760,02-Apr-2024 11:26:20_PVS Date :2024-04-01 00:00:00,11,3,2,1,0,-1,-1,0,1,9
KAL,MITESHPAREKH:926X:KAL:6760,02-Apr-2024 11:26:20_PVS Date :2024-04-01 00:00:00,-41,-26,-10,-4,-2,-1,-3,-13,-54,-135
KAR,SAGARSINGH:112X:KAR:6760,02-Apr-2024 11:26:20_PVS Date :2024-04-01 00:00:00,-894,-423,-141,-55,-21,7,2,-24,-125,-296
KKC,KRISHNADAMANI:114X:KKC:2757,02-Apr-2024 11:26:20_PVS Date :2024-04-01 00:00:00,-276,-142,-43,-11,-3,-1,-7,-33,-126,-283
KKD,KRISHNADAMANI:910X:KKD:6760,02-Apr-2024 11:26:20_PVS Date :2024-04-01 00:00:00,-345,-155,-41,-10,-2,-2,-8,-36,-141,-317
KLC,MISC:709X:KLC:2985,02-Apr-2024 11:26:20_PVS Date :2024-04-01 00:00:00,-1,-2,-1,0,0,0,1,1,3,6
KLC,MISC:709X:KLC:2994,02-Apr-2024 11:26:20_PVS Date :2024-04-01 00:00:00,-2,-1,0,0,0,0,0,1,2,4
KLC,MISC:709X:KLC:3535,02-Apr-2024 11:26:20_PVS Date :2024-04-01 00:00:00,-1,0,0,0,0,0,0,0,1,2
NAF,AAYUSHKOTECHA:626X:NAF:9771,02-Apr-2024 11:26:20_PVS Date :2024-04-01 00:00:00,5,2,0,0,0,0,0,0,1,5
NAF,AMANSHAH:631X:NAF:9771,02-Apr-2024 11:26:20_PVS Date :2024-04-01 00:00:00,2,0,0,0,0,0,0,0,0,1
NAF,ANKITA JAIN:634X:NAF:9771,02-Apr-2024 11:26:20_PVS Date :2024-04-01 00:00:00,-1,0,0,0,0,0,0,0,0,0
NAF,ANKURGANDHI:617X:NAF:9771,02-Apr-2024 11:26:20_PVS Date :2024-04-01 00:00:00,5,2,1,0,0,0,0,-1,-1,-2
NAF,BHAVINSHAH:622X:NAF:9771,02-Apr-2024 11:26:20_PVS Date :2024-04-01 00:00:00,5,2,1,0,0,0,0,-1,-2,-6
NAF,DARSHITMEHTA:609X:NAF:9771,02-Apr-2024 11:26:20_PVS Date :2024-04-01 00:00:00,0,0,0,0,0,0,0,0,0,0
NAF,GAURAVMUNI:613X:NAF:9771,02-Apr-2024 11:26:20_PVS Date :2024-04-01 00:00:00,88,31,13,8,5,1,1,3,8,29
NAF,HARSHITBHAKHAR:606X:NAF:9771,02-Apr-2024 11:26:20_PVS Date :2024-04-01 00:00:00,2,1,0,0,0,0,0,0,0,1
NAF,NIKUNJSANGHVI:610X:NAF:9771,02-Apr-2024 11:26:20_PVS Date :2024-04-01 00:00:00,0,0,0,0,0,0,0,0,0,0
NAF,PARSHWAGANDHI:632X:NAF:9771,02-Apr-2024 11:26:20_PVS Date :2024-04-01 00:00:00,0,0,0,0,0,0,0,0,0,1
NAF,PARTH SHAH:633X:NAF:9771,02-Apr-2024 11:26:20_PVS Date :2024-04-01 00:00:00,1,0,0,0,0,0,0,0,1,2
NAF,PRATIKJAKHELIA:611X:NAF:9771,02-Apr-2024 11:26:20_PVS Date :2024-04-01 00:00:00,-6,-2,-1,0,0,0,0,0,-2,-6
NAF,SAGARJAIN:629X:NAF:9771,02-Apr-2024 11:26:20_PVS Date :2024-04-01 00:00:00,2,1,0,0,0,0,0,0,1,2
NAF,SAMKITSHAH:621X:NAF:9771,02-Apr-2024 11:26:20_PVS Date :2024-04-01 00:00:00,8,3,1,0,0,0,0,-1,-2,-3
NAF,SHIVAMPANDEY:628X:NAF:9771,02-Apr-2024 11:26:20_PVS Date :2024-04-01 00:00:00,2,1,0,0,0,0,0,0,0,1
NAF,SHUBHSHAH:607X:NAF:9771,02-Apr-2024 11:26:20_PVS Date :2024-04-01 00:00:00,0,0,0,0,0,0,0,0,0,-1
NAF,UMANGSHAH:616X:NAF:9771,02-Apr-2024 11:26:20_PVS Date :2024-04-01 00:00:00,-2,-1,0,0,0,0,0,0,0,-2
NAF,YOGESHDALVI:620X:NAF:9771,02-Apr-2024 11:26:20_PVS Date :2024-04-01 00:00:00,1,0,0,0,0,0,0,0,0,1
NAI,BHAUMIKDAWDA:601X:NAI:9771,02-Apr-2024 11:26:20_PVS Date :2024-04-01 00:00:00,-713,-327,-78,-24,-8,1,-11,-45,-142,-251
NAI,NAMITBAGADIA:604X:NAI:9771,02-Apr-2024 11:26:20_PVS Date :2024-04-01 00:00:00,137,52,21,13,7,-8,-4,9,63,210
NAS,NILESHSONI:602X:NAS:9771,02-Apr-2024 11:26:20_PVS Date :2024-04-01 00:00:00,107,-28,-13,-7,-4,0,-2,-4,-2,34
NAS,RICKYAGARWAL:603X:NAS:9771,02-Apr-2024 11:26:20_PVS Date :2024-04-01 00:00:00,-5,5,5,5,5,5,4,2,-3,-12
NAV,ADITYAMALL:528X:NAV:6760,02-Apr-2024 11:26:20_PVS Date :2024-04-01 00:00:00,-201,-74,-7,0,0,0,0,0,0,0
NAV,ANUJSHAH:531X:NAV:6760,02-Apr-2024 11:26:20_PVS Date :2024-04-01 00:00:00,-79,-41,-15,-5,-2,0,0,2,11,27
NAV,MOHITBHATTAR:928X:NAV:6760,02-Apr-2024 11:26:20_PVS Date :2024-04-01 00:00:00,-159,-71,-19,-5,-1,-1,-4,-17,-67,-151
NAV,NAVNEETBHATTAR:120X:NAV:6760,02-Apr-2024 11:26:20_PVS Date :2024-04-01 00:00:00,-64,-41,-28,-15,-4,2,3,7,18,36
NAV,NAWROJDAMANI:526X:NAV:6760,02-Apr-2024 11:26:20_PVS Date :2024-04-01 00:00:00,-35,-14,-1,0,0,0,0,0,0,0
NAV,POOJABHATTAR:710X:NAV:6760,02-Apr-2024 11:26:20_PVS Date :2024-04-01 00:00:00,-152,-69,-20,-5,-1,-1,-4,-16,-60,-134
NAV,RISHABHDAMANI:920X:NAV:6760,02-Apr-2024 11:26:20_PVS Date :2024-04-01 00:00:00,-277,-92,-8,0,0,0,0,-2,-35,-120
NIM,NIMAIJ:206X:NIM:6760,02-Apr-2024 11:26:20_PVS Date :2024-04-01 00:00:00,-55,-55,-37,-15,-5,-1,-6,-15,-21,-19
SHR,MIHIRSHAH:523X:SHR:6760,02-Apr-2024 11:26:20_PVS Date :2024-04-01 00:00:00,234,15,-29,-9,-3,1,3,14,75,182
SHR,SHRENIKSHAH:940X:SHR:6760,02-Apr-2024 11:26:20_PVS Date :2024-04-01 00:00:00,-144,-188,-98,-26,-8,4,13,56,290,971
SIA,ALL:1062:SIA:3577,02-Apr-2024 11:26:20_PVS Date :2024-04-01 00:00:00,-23,-20,-13,-6,-2,0,-2,-9,-17,-7
SIA,ALL:1161:SIA:3577,02-Apr-2024 11:26:20_PVS Date :2024-04-01 00:00:00,-49,-23,-7,-2,-1,0,-2,-7,-23,-51
SIA,ALL:1162:SIA:3577,02-Apr-2024 11:26:20_PVS Date :2024-04-01 00:00:00,-40,-19,-7,-3,-1,0,0,-2,-12,-29
SIA,ALL:1461:SIA:3577,02-Apr-2024 11:26:20_PVS Date :2024-04-01 00:00:00,-42,-20,-7,-3,-1,0,0,-2,-11,-26
SIC,HEDGE:1063:SIC:3542,02-Apr-2024 11:26:20_PVS Date :2024-04-01 00:00:00,135,56,14,5,2,-1,0,4,36,114
SIC,HEDGE:1063:SIC:3600,02-Apr-2024 11:26:20_PVS Date :2024-04-01 00:00:00,45,19,5,2,1,0,0,1,12,38
SIC,HEDGE:1063:SIC:3607,02-Apr-2024 11:26:20_PVS Date :2024-04-01 00:00:00,45,19,5,2,1,0,0,1,12,38
SIC,HEDGE:1063:SIC:3615,02-Apr-2024 11:26:20_PVS Date :2024-04-01 00:00:00,45,19,5,2,1,0,0,1,12,38
SIC,HEDGE:1063:SIC:3616,02-Apr-2024 11:26:20_PVS Date :2024-04-01 00:00:00,45,19,5,2,1,0,0,1,12,38
SIC,HEDGE:1063:SIC:3617,02-Apr-2024 11:26:20_PVS Date :2024-04-01 00:00:00,90,38,9,3,1,0,0,2,24,76
SIC,HEDGE:1063:SIC:3620,02-Apr-2024 11:26:20_PVS Date :2024-04-01 00:00:00,45,19,5,2,1,0,0,1,12,38
SIC,HEDGE:1063:SIC:3623,02-Apr-2024 11:26:20_PVS Date :2024-04-01 00:00:00,45,19,5,2,1,0,0,1,12,38
SIC,OI-1:1062:SIC:3542,02-Apr-2024 11:26:20_PVS Date :2024-04-01 00:00:00,-33,-16,-5,-2,-1,0,0,-2,-13,-31
SIC,OI-1:1062:SIC:3600,02-Apr-2024 11:26:20_PVS Date :2024-04-01 00:00:00,-22,-10,-4,-1,-1,0,0,-2,-10,-24
SIC,OI-1:1062:SIC:3607,02-Apr-2024 11:26:20_PVS Date :2024-04-01 00:00:00,-6,-3,-1,0,0,0,0,-1,-4,-9
SIC,OI-1:1062:SIC:3615,02-Apr-2024 11:26:20_PVS Date :2024-04-01 00:00:00,-6,-3,-1,-1,0,0,0,1,0,0
SIC,OI-1:1062:SIC:3616,02-Apr-2024 11:26:20_PVS Date :2024-04-01 00:00:00,-11,-5,-2,-1,0,0,0,0,-2,-6
SIC,OI-1:1062:SIC:3617,02-Apr-2024 11:26:20_PVS Date :2024-04-01 00:00:00,-21,-10,-4,-2,-1,0,0,0,-4,-11
SIC,OI-1:1062:SIC:3620,02-Apr-2024 11:26:20_PVS Date :2024-04-01 00:00:00,-1,-1,0,0,0,0,0,-1,-3,-6
SIC,OI-1:1062:SIC:3623,02-Apr-2024 11:26:20_PVS Date :2024-04-01 00:00:00,-10,-5,-2,-1,0,0,0,0,-2,-5
SIC,OI-2:1061:SIC:3542,02-Apr-2024 11:26:20_PVS Date :2024-04-01 00:00:00,-44,-21,-7,-3,-1,0,0,-2,-11,-27
SIC,OI-2:1061:SIC:3600,02-Apr-2024 11:26:20_PVS Date :2024-04-01 00:00:00,-6,-3,-1,0,0,0,0,0,0,0
SIC,OI-2:1061:SIC:3607,02-Apr-2024 11:26:20_PVS Date :2024-04-01 00:00:00,-6,-3,-1,0,0,0,0,0,0,0
SIC,OI-2:1061:SIC:3615,02-Apr-2024 11:26:20_PVS Date :2024-04-01 00:00:00,-25,-12,-4,-2,-1,0,0,-1,-7,-17
SIC,OI-2:1061:SIC:3616,02-Apr-2024 11:26:20_PVS Date :2024-04-01 00:00:00,-19,-9,-3,-1,-1,0,0,-1,-7,-17
SIC,OI-2:1061:SIC:3617,02-Apr-2024 11:26:20_PVS Date :2024-04-01 00:00:00,-27,-13,-4,-2,-1,0,0,-2,-8,-19
SIC,OI-2:1061:SIC:3620,02-Apr-2024 11:26:20_PVS Date :2024-04-01 00:00:00,-23,-11,-4,-2,-1,0,0,-1,-7,-17
SIC,OI-2:1061:SIC:3623,02-Apr-2024 11:26:20_PVS Date :2024-04-01 00:00:00,-15,-7,-3,-1,-1,0,0,0,-2,-5
SIC,OI-3:1162:SIC:3542,02-Apr-2024 11:26:20_PVS Date :2024-04-01 00:00:00,-41,-20,-7,-3,-1,1,0,-1,-10,-26
SIC,OI-3:1162:SIC:3600,02-Apr-2024 11:26:20_PVS Date :2024-04-01 00:00:00,-6,-3,-1,0,0,0,0,0,-1,-2
SIC,OI-3:1162:SIC:3607,02-Apr-2024 11:26:20_PVS Date :2024-04-01 00:00:00,-27,-13,-5,-2,-1,0,0,-2,-8,-20
SIC,OI-3:1162:SIC:3615,02-Apr-2024 11:26:20_PVS Date :2024-04-01 00:00:00,-6,-3,-1,0,0,0,0,0,-1,-2
SIC,OI-3:1162:SIC:3616,02-Apr-2024 11:26:20_PVS Date :2024-04-01 00:00:00,-6,-3,-1,0,0,0,0,0,0,-1
SIC,OI-3:1162:SIC:3617,02-Apr-2024 11:26:20_PVS Date :2024-04-01 00:00:00,-13,-6,-2,-1,0,0,0,0,-2,-6
SIC,OI-3:1162:SIC:3620,02-Apr-2024 11:26:20_PVS Date :2024-04-01 00:00:00,-7,-3,-1,0,0,0,0,-1,-3,-7
SIC,OI-3:1162:SIC:3623,02-Apr-2024 11:26:20_PVS Date :2024-04-01 00:00:00,-6,-3,-1,0,0,0,0,0,0,-1
SIC,OI-4:1461:SIC:3542,02-Apr-2024 11:26:20_PVS Date :2024-04-01 00:00:00,-24,-12,-4,-2,-1,1,1,0,-2,-6
SIC,OI-4:1461:SIC:3600,02-Apr-2024 11:26:20_PVS Date :2024-04-01 00:00:00,-11,-5,-2,-1,0,0,0,0,-1,-4
SIC,OI-4:1461:SIC:3607,02-Apr-2024 11:26:20_PVS Date :2024-04-01 00:00:00,-7,-3,-1,-1,0,0,0,1,0,0
SIC,OI-4:1461:SIC:3615,02-Apr-2024 11:26:20_PVS Date :2024-04-01 00:00:00,-14,-6,-2,-1,0,0,0,0,-3,-6
SIC,OI-4:1461:SIC:3616,02-Apr-2024 11:26:20_PVS Date :2024-04-01 00:00:00,-10,-5,-2,-1,0,0,0,0,-2,-5
SIC,OI-4:1461:SIC:3617,02-Apr-2024 11:26:20_PVS Date :2024-04-01 00:00:00,-34,-17,-6,-3,-1,0,0,-1,-8,-20
SIC,OI-4:1461:SIC:3620,02-Apr-2024 11:26:20_PVS Date :2024-04-01 00:00:00,-11,-5,-2,-1,0,0,0,0,-1,-4
SIC,OI-4:1461:SIC:3623,02-Apr-2024 11:26:20_PVS Date :2024-04-01 00:00:00,-19,-9,-3,-1,0,0,0,-2,-7,-17
SIC,PIC:1064:SIC:3542,02-Apr-2024 11:26:20_PVS Date :2024-04-01 00:00:00,-60,-30,-11,-4,-2,0,-1,-6,-24,-52
SIC,PIC:1064:SIC:3600,02-Apr-2024 11:26:20_PVS Date :2024-04-01 00:00:00,-27,-13,-4,-2,-1,0,-1,-3,-12,-26
SIC,PIC:1064:SIC:3607,02-Apr-2024 11:26:20_PVS Date :2024-04-01 00:00:00,-27,-13,-4,-2,-1,0,-1,-3,-12,-26
SIC,PIC:1064:SIC:3615,02-Apr-2024 11:26:20_PVS Date :2024-04-01 00:00:00,-27,-13,-4,-2,-1,0,-1,-3,-12,-26
SIC,PIC:1064:SIC:3616,02-Apr-2024 11:26:20_PVS Date :2024-04-01 00:00:00,-27,-13,-4,-2,-1,0,-1,-3,-12,-26
SIC,PIC:1064:SIC:3617,02-Apr-2024 11:26:20_PVS Date :2024-04-01 00:00:00,-26,-14,-6,-2,-1,0,0,-3,-10,-22
SIC,PIC:1064:SIC:3620,02-Apr-2024 11:26:20_PVS Date :2024-04-01 00:00:00,-27,-13,-4,-2,-1,0,-1,-3,-12,-26
SIC,PIC:1064:SIC:3623,02-Apr-2024 11:26:20_PVS Date :2024-04-01 00:00:00,-29,-14,-5,-2,-1,0,-1,-4,-12,-27
SIC,PIC:1161:SIC:3542,02-Apr-2024 11:26:20_PVS Date :2024-04-01 00:00:00,-49,-23,-7,-2,-1,0,-2,-7,-23,-51
SIC,PIC:1161:SIC:3600,02-Apr-2024 11:26:20_PVS Date :2024-04-01 00:00:00,-10,-5,-1,0,0,0,0,-1,-4,-9
SIC,PIC:1161:SIC:3607,02-Apr-2024 11:26:20_PVS Date :2024-04-01 00:00:00,-10,-5,-1,0,0,0,0,-1,-4,-9
SIC,PIC:1161:SIC:3615,02-Apr-2024 11:26:20_PVS Date :2024-04-01 00:00:00,-10,-5,-1,0,0,0,0,-1,-4,-9
SIC,PIC:1161:SIC:3616,02-Apr-2024 11:26:20_PVS Date :2024-04-01 00:00:00,-10,-5,-1,0,0,0,0,-1,-4,-9
SIC,PIC:1161:SIC:3617,02-Apr-2024 11:26:20_PVS Date :2024-04-01 00:00:00,-38,-17,-5,-2,-1,0,-1,-5,-17,-37
SIC,PIC:1161:SIC:3620,02-Apr-2024 11:26:20_PVS Date :2024-04-01 00:00:00,-10,-5,-1,0,0,0,0,-1,-4,-9
SIC,PIC:1161:SIC:3623,02-Apr-2024 11:26:20_PVS Date :2024-04-01 00:00:00,-12,-6,-2,-1,0,0,-1,-2,-6,-13
SIC,PIC:702P:SIC:3542,02-Apr-2024 11:26:20_PVS Date :2024-04-01 00:00:00,-37,-17,-5,-2,-1,0,-1,-5,-16,-35
SIC,PIC:702P:SIC:3600,02-Apr-2024 11:26:20_PVS Date :2024-04-01 00:00:00,-16,-8,-2,-1,0,0,-1,-2,-7,-15
SIC,PIC:702P:SIC:3607,02-Apr-2024 11:26:20_PVS Date :2024-04-01 00:00:00,-16,-8,-2,-1,0,0,-1,-2,-7,-15
SIC,PIC:702P:SIC:3615,02-Apr-2024 11:26:20_PVS Date :2024-04-01 00:00:00,-16,-8,-2,-1,0,0,-1,-2,-7,-15
SIC,PIC:702P:SIC:3616,02-Apr-2024 11:26:20_PVS Date :2024-04-01 00:00:00,-16,-8,-2,-1,0,0,-1,-2,-7,-15
SIC,PIC:702P:SIC:3617,02-Apr-2024 11:26:20_PVS Date :2024-04-01 00:00:00,-37,-17,-5,-2,-1,0,-1,-5,-15,-34
SIC,PIC:702P:SIC:3620,02-Apr-2024 11:26:20_PVS Date :2024-04-01 00:00:00,-16,-8,-2,-1,0,0,-1,-2,-7,-15
SIC,PIC:702P:SIC:3623,02-Apr-2024 11:26:20_PVS Date :2024-04-01 00:00:00,-14,-6,-2,-1,0,0,0,-2,-5,-12
SIO,AIO:1261:SIO:9771,02-Apr-2024 11:26:20_PVS Date :2024-04-01 00:00:00,15,-1,-5,-3,-1,0,-2,-7,-9,10
SIO,AIO:1262:SIO:9771,02-Apr-2024 11:26:20_PVS Date :2024-04-01 00:00:00,-164,-80,-28,-11,-4,1,-2,-13,-54,-123
SIO,HEDGE:1063:SIO:2051,02-Apr-2024 11:26:20_PVS Date :2024-04-01 00:00:00,406,169,41,14,5,-2,-1,11,109,343
SIO,HEDGE:1063:SIO:2660,02-Apr-2024 11:26:20_PVS Date :2024-04-01 00:00:00,226,94,23,8,3,-1,0,6,61,191
SIO,HEDGE:1063:SIO:3596,02-Apr-2024 11:26:20_PVS Date :2024-04-01 00:00:00,135,56,14,5,2,-1,0,4,36,114
SIO,HEDGE:1063:SIO:3599,02-Apr-2024 11:26:20_PVS Date :2024-04-01 00:00:00,181,75,18,6,2,-1,0,5,49,153
SIO,HEDGE:1063:SIO:6760,02-Apr-2024 11:26:20_PVS Date :2024-04-01 00:00:00,1039,432,105,36,14,-5,-2,28,279,877
SIO,OI-1:1062:SIO:2051,02-Apr-2024 11:26:20_PVS Date :2024-04-01 00:00:00,-82,-39,-14,-6,-2,1,-1,-6,-31,-75
SIO,OI-1:1062:SIO:2660,02-Apr-2024 11:26:20_PVS Date :2024-04-01 00:00:00,-46,-22,-8,-3,-1,0,0,-3,-15,-36
SIO,OI-1:1062:SIO:3596,02-Apr-2024 11:26:20_PVS Date :2024-04-01 00:00:00,-28,-13,-5,-2,-1,0,0,-2,-11,-25
SIO,OI-1:1062:SIO:3599,02-Apr-2024 11:26:20_PVS Date :2024-04-01 00:00:00,-40,-19,-7,-3,-1,0,0,-3,-14,-35
SIO,OI-1:1062:SIO:6760,02-Apr-2024 11:26:20_PVS Date :2024-04-01 00:00:00,-230,-110,-38,-16,-6,2,-1,-16,-85,-204
SIO,OI-2:1061:SIO:2051,02-Apr-2024 11:26:20_PVS Date :2024-04-01 00:00:00,-125,-61,-22,-9,-4,2,1,-4,-30,-75
SIO,OI-2:1061:SIO:2660,02-Apr-2024 11:26:20_PVS Date :2024-04-01 00:00:00,-69,-33,-12,-5,-2,1,1,-2,-15,-37
SIO,OI-2:1061:SIO:3596,02-Apr-2024 11:26:20_PVS Date :2024-04-01 00:00:00,-42,-20,-7,-3,-1,1,0,-1,-10,-25
SIO,OI-2:1061:SIO:3599,02-Apr-2024 11:26:20_PVS Date :2024-04-01 00:00:00,-50,-24,-9,-4,-2,1,0,-2,-11,-28
SIO,OI-2:1061:SIO:6760,02-Apr-2024 11:26:20_PVS Date :2024-04-01 00:00:00,-292,-141,-50,-21,-9,4,3,-9,-66,-166
SIO,OI-3:1162:SIO:2051,02-Apr-2024 11:26:20_PVS Date :2024-04-01 00:00:00,-106,-51,-18,-8,-3,2,1,-3,-25,-63
SIO,OI-3:1162:SIO:2660,02-Apr-2024 11:26:20_PVS Date :2024-04-01 00:00:00,-70,-34,-12,-5,-2,1,0,-3,-19,-46
SIO,OI-3:1162:SIO:3596,02-Apr-2024 11:26:20_PVS Date :2024-04-01 00:00:00,-30,-15,-5,-2,-1,1,1,0,-6,-15
SIO,OI-3:1162:SIO:3599,02-Apr-2024 11:26:20_PVS Date :2024-04-01 00:00:00,-47,-23,-8,-3,-1,1,0,-2,-12,-30
SIO,OI-3:1162:SIO:6760,02-Apr-2024 11:26:20_PVS Date :2024-04-01 00:00:00,-275,-133,-48,-20,-9,4,2,-10,-72,-180
SIO,OI-4:1461:SIO:2051,02-Apr-2024 11:26:20_PVS Date :2024-04-01 00:00:00,-110,-53,-19,-8,-3,2,1,-3,-23,-58
SIO,OI-4:1461:SIO:2660,02-Apr-2024 11:26:20_PVS Date :2024-04-01 00:00:00,-53,-26,-9,-4,-2,1,0,-2,-12,-29
SIO,OI-4:1461:SIO:3596,02-Apr-2024 11:26:20_PVS Date :2024-04-01 00:00:00,-43,-21,-7,-3,-1,1,0,-1,-10,-24
SIO,OI-4:1461:SIO:3599,02-Apr-2024 11:26:20_PVS Date :2024-04-01 00:00:00,-51,-25,-9,-4,-2,1,0,-2,-11,-27
SIO,OI-4:1461:SIO:6760,02-Apr-2024 11:26:20_PVS Date :2024-04-01 00:00:00,-282,-136,-48,-21,-9,4,3,-7,-57,-143
SIO,PIC:1064:SIO:2051,02-Apr-2024 11:26:20_PVS Date :2024-04-01 00:00:00,-162,-82,-31,-12,-5,1,-4,-18,-66,-140
SIO,PIC:1064:SIO:2660,02-Apr-2024 11:26:20_PVS Date :2024-04-01 00:00:00,-101,-51,-19,-7,-3,0,-2,-11,-41,-88
SIO,PIC:1064:SIO:3596,02-Apr-2024 11:26:20_PVS Date :2024-04-01 00:00:00,-60,-30,-11,-4,-2,0,-1,-6,-24,-52
SIO,PIC:1064:SIO:3599,02-Apr-2024 11:26:20_PVS Date :2024-04-01 00:00:00,-84,-42,-15,-6,-2,0,-2,-10,-35,-76
SIO,PIC:1064:SIO:6760,02-Apr-2024 11:26:20_PVS Date :2024-04-01 00:00:00,-418,-213,-79,-31,-12,1,-9,-47,-169,-360
SIO,PIC:1161:SIO:2051,02-Apr-2024 11:26:20_PVS Date :2024-04-01 00:00:00,-140,-64,-20,-7,-2,-1,-5,-18,-63,-138
SIO,PIC:1161:SIO:2660,02-Apr-2024 11:26:20_PVS Date :2024-04-01 00:00:00,-93,-43,-13,-5,-1,-1,-4,-13,-44,-96
SIO,PIC:1161:SIO:3596,02-Apr-2024 11:26:20_PVS Date :2024-04-01 00:00:00,-49,-23,-7,-2,-1,0,-2,-7,-23,-51
SIO,PIC:1161:SIO:3599,02-Apr-2024 11:26:20_PVS Date :2024-04-01 00:00:00,-59,-27,-8,-3,-1,0,-2,-8,-27,-59
SIO,PIC:1161:SIO:6760,02-Apr-2024 11:26:20_PVS Date :2024-04-01 00:00:00,-381,-176,-54,-18,-6,-3,-15,-52,-178,-390
SIO,PIC:702P:SIO:2051,02-Apr-2024 11:26:20_PVS Date :2024-04-01 00:00:00,-147,-68,-21,-7,-2,-1,-5,-18,-62,-136
SIO,PIC:702P:SIO:2660,02-Apr-2024 11:26:20_PVS Date :2024-04-01 00:00:00,-66,-30,-9,-3,-1,0,-2,-8,-28,-62
SIO,PIC:702P:SIO:3596,02-Apr-2024 11:26:20_PVS Date :2024-04-01 00:00:00,-37,-17,-5,-2,-1,0,-1,-5,-16,-35
SIO,PIC:702P:SIO:3599,02-Apr-2024 11:26:20_PVS Date :2024-04-01 00:00:00,-59,-27,-8,-3,-1,0,-2,-7,-25,-55
SIO,PIC:702P:SIO:6760,02-Apr-2024 11:26:20_PVS Date :2024-04-01 00:00:00,-361,-167,-51,-17,-6,-2,-13,-45,-155,-339
VEC,ARINTRA:706X:VEC:2928,02-Apr-2024 11:26:20_PVS Date :2024-04-01 00:00:00,0,0,0,0,0,0,0,-1,-1,-1
VEC,ARINTRA:706X:VEC:2985,02-Apr-2024 11:26:20_PVS Date :2024-04-01 00:00:00,0,0,0,0,0,0,0,-1,-1,-1
VEC,ARINTRA:706X:VEC:2994,02-Apr-2024 11:26:20_PVS Date :2024-04-01 00:00:00,0,0,0,0,0,0,0,-1,-1,-1
VEC,ARINTRA:706X:VEC:3535,02-Apr-2024 11:26:20_PVS Date :2024-04-01 00:00:00,0,0,0,0,0,0,0,-1,-1,-1
VEC,ARINTRA:706X:VEC:3600,02-Apr-2024 11:26:20_PVS Date :2024-04-01 00:00:00,0,0,0,0,0,0,0,-1,-1,-1
VEC,ARINTRA:706X:VEC:3610,02-Apr-2024 11:26:20_PVS Date :2024-04-01 00:00:00,0,0,0,0,0,0,0,-1,-1,-1
VEC,ARINTRA:706X:VEC:3620,02-Apr-2024 11:26:20_PVS Date :2024-04-01 00:00:00,0,0,0,0,0,0,0,-1,-1,-1
VEC,ARINTRA:706X:VEC:3624,02-Apr-2024 11:26:20_PVS Date :2024-04-01 00:00:00,0,0,0,0,0,0,0,-1,-1,-1
VEC,DELTAV6V2:720X:VEC:3607,02-Apr-2024 11:26:20_PVS Date :2024-04-01 00:00:00,-6,-2,-1,0,0,0,-1,-2,-6,-12
VEC,DELTAV6V2:720X:VEC:3620,02-Apr-2024 11:26:20_PVS Date :2024-04-01 00:00:00,-6,-2,-1,0,0,0,-1,-2,-6,-12
VEC,DELTAV6V2:720X:VEC:3624,02-Apr-2024 11:26:20_PVS Date :2024-04-01 00:00:00,-6,-2,-1,0,0,0,-1,-2,-6,-12
VEC,DELTAV7V2:108X:VEC:2928,02-Apr-2024 11:26:20_PVS Date :2024-04-01 00:00:00,-19,-8,-2,-1,0,0,-1,-2,-9,-20
VEC,DELTAV7V2:108X:VEC:2994,02-Apr-2024 11:26:20_PVS Date :2024-04-01 00:00:00,-19,-8,-2,-1,0,0,-1,-2,-9,-20
VEC,DELTAV7V2:108X:VEC:3535,02-Apr-2024 11:26:20_PVS Date :2024-04-01 00:00:00,-19,-8,-2,-1,0,0,-1,-2,-9,-20
VEC,DELTAV7V2:108X:VEC:3600,02-Apr-2024 11:26:20_PVS Date :2024-04-01 00:00:00,-41,-18,-5,-1,0,0,-2,-5,-20,-46
VEC,DELTAV7V2:108X:VEC:3610,02-Apr-2024 11:26:20_PVS Date :2024-04-01 00:00:00,-41,-18,-5,-1,0,0,-2,-5,-20,-46
VEC,DELTAV7V2:108X:VEC:3620,02-Apr-2024 11:26:20_PVS Date :2024-04-01 00:00:00,-26,-11,-3,-1,0,0,-1,-3,-12,-28
VEC,DELTAV7V2:108X:VEC:3624,02-Apr-2024 11:26:20_PVS Date :2024-04-01 00:00:00,-26,-11,-3,-1,0,0,-1,-3,-12,-28
VEC,DIPPRICE:906X:VEC:2985,02-Apr-2024 11:26:20_PVS Date :2024-04-01 00:00:00,-1,-1,0,0,0,0,0,0,1,1
VEC,DIPPRICE:906X:VEC:2994,02-Apr-2024 11:26:20_PVS Date :2024-04-01 00:00:00,-1,-1,0,0,0,0,0,0,1,1
VEC,DIPPRICE:906X:VEC:3535,02-Apr-2024 11:26:20_PVS Date :2024-04-01 00:00:00,-1,-1,0,0,0,0,0,0,1,1
VEC,DIPPRICE:906X:VEC:3610,02-Apr-2024 11:26:20_PVS Date :2024-04-01 00:00:00,-1,-1,0,0,0,0,0,0,1,1
VEC,DIPPRICE:906X:VEC:3620,02-Apr-2024 11:26:20_PVS Date :2024-04-01 00:00:00,0,0,0,0,0,0,0,0,0,0
VEC,DIPPRICE:906X:VEC:3624,02-Apr-2024 11:26:20_PVS Date :2024-04-01 00:00:00,0,0,0,0,0,0,0,0,0,0
VEC,PLUGM:906X:VEC:3607,02-Apr-2024 11:26:20_PVS Date :2024-04-01 00:00:00,12,6,3,1,1,0,-1,-2,-5,-11
VEC,PLUGS:901X:VEC:3607,02-Apr-2024 11:26:20_PVS Date :2024-04-01 00:00:00,-18,-9,-3,-1,0,-1,-3,-8,-29,-63
VEC,STDINTRA:720X:VEC:2928,02-Apr-2024 11:26:20_PVS Date :2024-04-01 00:00:00,-6,-2,-1,0,0,0,-1,-2,-6,-12
VEC,STDINTRA:720X:VEC:2985,02-Apr-2024 11:26:20_PVS Date :2024-04-01 00:00:00,-6,-2,-1,0,0,0,-1,-2,-6,-12
VEC,STDINTRA:720X:VEC:2994,02-Apr-2024 11:26:20_PVS Date :2024-04-01 00:00:00,-6,-2,-1,0,0,0,-1,-2,-6,-12
VEC,STDINTRA:720X:VEC:3535,02-Apr-2024 11:26:20_PVS Date :2024-04-01 00:00:00,-6,-2,-1,0,0,0,-1,-2,-6,-12
VEC,STDINTRA:720X:VEC:3600,02-Apr-2024 11:26:20_PVS Date :2024-04-01 00:00:00,-6,-2,-1,0,0,0,-1,-2,-6,-12
VEC,STDINTRA:720X:VEC:3610,02-Apr-2024 11:26:20_PVS Date :2024-04-01 00:00:00,-6,-2,-1,0,0,0,-1,-2,-6,-12
VEO,ARINTRA:706X:VEO:2003,02-Apr-2024 11:26:20_PVS Date :2024-04-01 00:00:00,-55,-23,-4,1,1,-3,-7,-18,-53,-111
VEO,ARINTRA:706X:VEO:2051,02-Apr-2024 11:26:20_PVS Date :2024-04-01 00:00:00,-27,-12,-2,0,1,-1,-4,-9,-27,-56
VEO,ARINTRA:706X:VEO:3599,02-Apr-2024 11:26:20_PVS Date :2024-04-01 00:00:00,-27,-12,-2,0,1,-1,-4,-9,-27,-56
VEO,ARINTRA:706X:VEO:6760,02-Apr-2024 11:26:20_PVS Date :2024-04-01 00:00:00,-55,-23,-4,1,1,-3,-7,-18,-53,-111
VEO,DELTAV7STOCKS:711X:VEO:2003,02-Apr-2024 11:26:20_PVS Date :2024-04-01 00:00:00,-49,-17,-6,-3,-2,0,-1,-5,-20,-58
VEO,DELTAV7STOCKS:711X:VEO:2051,02-Apr-2024 11:26:20_PVS Date :2024-04-01 00:00:00,-22,-6,-2,-1,0,0,-1,-3,-11,-30
VEO,DELTAV7STOCKS:711X:VEO:3596,02-Apr-2024 11:26:20_PVS Date :2024-04-01 00:00:00,-28,-10,-3,-2,-1,0,-1,-3,-10,-30
VEO,DELTAV7STOCKS:711X:VEO:6760,02-Apr-2024 11:26:20_PVS Date :2024-04-01 00:00:00,-6,6,4,2,1,-2,-5,-13,-38,-93
VEO,DELTAV7V2:108X:VEO:2003,02-Apr-2024 11:26:20_PVS Date :2024-04-01 00:00:00,-129,-57,-15,-4,-1,-1,-5,-17,-64,-146
VEO,DELTAV7V2:108X:VEO:2051,02-Apr-2024 11:26:20_PVS Date :2024-04-01 00:00:00,-65,-29,-8,-2,-1,-1,-2,-8,-32,-73
VEO,DELTAV7V2:108X:VEO:3599,02-Apr-2024 11:26:20_PVS Date :2024-04-01 00:00:00,-65,-29,-8,-2,-1,-1,-2,-8,-32,-73
VEO,DELTAV7V2:108X:VEO:6760,02-Apr-2024 11:26:20_PVS Date :2024-04-01 00:00:00,-129,-57,-15,-4,-1,-1,-5,-17,-64,-146
VEO,ISYS:1209:VEO:9771,02-Apr-2024 11:26:20_PVS Date :2024-04-01 00:00:00,-122,-54,-14,-4,0,-2,-8,-24,-83,-182
VEO,PLUGM:906X:VEO:2003,02-Apr-2024 11:26:20_PVS Date :2024-04-01 00:00:00,25,13,5,3,1,-1,-2,-4,-10,-22
VEO,PLUGM:906X:VEO:2051,02-Apr-2024 11:26:20_PVS Date :2024-04-01 00:00:00,12,6,3,1,1,0,-1,-2,-5,-11
VEO,PLUGM:906X:VEO:3596,02-Apr-2024 11:26:20_PVS Date :2024-04-01 00:00:00,12,6,3,1,1,0,-1,-2,-5,-11
VEO,PLUGM:906X:VEO:6760,02-Apr-2024 11:26:20_PVS Date :2024-04-01 00:00:00,25,13,5,3,1,-1,-2,-4,-10,-22
VEO,PLUGS:901X:VEO:2003,02-Apr-2024 11:26:20_PVS Date :2024-04-01 00:00:00,-89,-44,-16,-6,-3,1,0,-6,-31,-75
VEO,PLUGS:901X:VEO:2051,02-Apr-2024 11:26:20_PVS Date :2024-04-01 00:00:00,-44,-22,-8,-3,-1,0,0,-3,-16,-38
VEO,PLUGS:901X:VEO:3596,02-Apr-2024 11:26:20_PVS Date :2024-04-01 00:00:00,-18,-9,-3,-1,0,-1,-3,-8,-29,-63
VEO,PLUGS:901X:VEO:6760,02-Apr-2024 11:26:20_PVS Date :2024-04-01 00:00:00,-130,-75,-28,-12,-5,3,3,-1,-24,-67
VEO,PUTLR:711X:VEO:6760,02-Apr-2024 11:26:20_PVS Date :2024-04-01 00:00:00,45,23,9,5,2,-2,-4,-9,-21,-41
VEO,PUTMS:709X:VEO:6760,02-Apr-2024 11:26:20_PVS Date :2024-04-01 00:00:00,-9,0,2,1,1,-1,-3,-8,-24,-56
VEO,STDINTRA:720X:VEO:2003,02-Apr-2024 11:26:20_PVS Date :2024-04-01 00:00:00,-53,-23,-5,-1,0,-2,-5,-14,-45,-97
VEO,STDINTRA:720X:VEO:2051,02-Apr-2024 11:26:20_PVS Date :2024-04-01 00:00:00,-25,-11,-3,0,0,-1,-2,-7,-21,-44
VEO,STDINTRA:720X:VEO:3596,02-Apr-2024 11:26:20_PVS Date :2024-04-01 00:00:00,-23,-10,-2,0,0,-1,-2,-6,-18,-39
VEO,STDINTRA:720X:VEO:6760,02-Apr-2024 11:26:20_PVS Date :2024-04-01 00:00:00,-53,-23,-5,-1,0,-2,-5,-14,-45,-97
VEO,STOCKZM:738X:VEO:2003,02-Apr-2024 11:26:20_PVS Date :2024-04-01 00:00:00,-89,-44,-17,-8,-3,6,10,19,46,90
VEO,STOCKZM:738X:VEO:2051,02-Apr-2024 11:26:20_PVS Date :2024-04-01 00:00:00,-50,-25,-9,-4,-2,3,6,11,26,51
VEO,STOCKZM:738X:VEO:3599,02-Apr-2024 11:26:20_PVS Date :2024-04-01 00:00:00,-40,-20,-8,-3,-1,3,5,8,20,40
VEO,STOCKZM:738X:VEO:6760,02-Apr-2024 11:26:20_PVS Date :2024-04-01 00:00:00,-90,-44,-17,-8,-3,6,10,19,46,91
VIK,VIKASAGRAWAL:101X:VIK:6760,02-Apr-2024 11:26:20_PVS Date :2024-04-01 00:00:00,2216,656,183,57,14,-10,19,94,723,2504
VIK,VIVEKMISHRA:118X:VIK:6760,02-Apr-2024 11:26:20_PVS Date :2024-04-01 00:00:00,9,3,-1,-1,0,0,-1,-3,-6,-10
VIP,VIPULMATHUR:124X:VIP:6760,02-Apr-2024 11:26:20_PVS Date :2024-04-01 00:00:00,-1379,-650,-214,-81,-29,-1,-33,-138,-518,-1161
VIY,BHAVESHJOSHI:932X:VIY:6760,02-Apr-2024 11:26:20_PVS Date :2024-04-01 00:00:00,25,4,2,1,0,0,0,0,-1,-2
VIY,VICKYSHETH:521X:VIY:6760,02-Apr-2024 11:26:20_PVS Date :2024-04-01 00:00:00,-869,-308,-24,-1,0,1,1,-15,-151,-392
VSS,DELTAV6V2:720X:VSS:2056,02-Apr-2024 11:26:20_PVS Date :2024-04-01 00:00:00,-17,-7,-2,0,0,-1,-2,-5,-15,-32
VSS,DELTAV7V2:108X:VSS:2056,02-Apr-2024 11:26:20_PVS Date :2024-04-01 00:00:00,-103,-47,-14,-5,-1,-1,-5,-15,-52,-114
VSS,PLUGM:906X:VSS:2056,02-Apr-2024 11:26:20_PVS Date :2024-04-01 00:00:00,20,10,4,2,1,-1,-2,-4,-9,-18
VSS,PLUGS:901X:VSS:2056,02-Apr-2024 11:26:20_PVS Date :2024-04-01 00:00:00,124,18,-1,0,0,0,3,11,53,184
VSS,PUTLR:711X:VSS:2056,02-Apr-2024 11:26:20_PVS Date :2024-04-01 00:00:00,21,11,4,2,1,-1,-2,-4,-10,-20
