AccountName,Team,Senti_BFI,Senti_BOI,Senti_FFI,Senti_FOI,Senti_MFI,Senti_MOI,Senti_NFI,Senti_NOI,Type,ClientCode,DT
AADISHSHAH:938X:JAS:6760,JAS,0.0,0.0,0.0,0.0,0.0,0.0,0.0,13.64,DC,6760,27-Mar-2024 14:41:34
AIO:1261:SIO:9771,SIO,0.0,1.43,0.0,0.0,0.0,0.0,0.0,1.43,DC,9771,27-Mar-2024 14:41:34
AIO:1262:SIO:9771,SIO,0.99,0.0,0.0,0.0,0.0,0.0,0.0,0.99,DC,9771,27-Mar-2024 14:41:34
ALL:1062:SIA:3577,SIA,0.0,0.0,0.0,0.0,0.0,0.0,1.43,1.43,DC,3577,27-Mar-2024 14:41:34
ALL:1161:SIA:3577,SIA,0.0,0.0,0.0,0.66,0.0,0.0,0.0,0.66,DC,3577,27-Mar-2024 14:41:34
ALL:1162:SIA:3577,SIA,0.0,0.0,0.0,0.0,0.0,0.0,0.0,0.0,DC,3577,27-Mar-2024 14:41:34
ALL:1461:SIA:3577,SIA,0.0,0.0,0.0,0.0,0.0,0.33,0.0,0.33,DC,3577,27-Mar-2024 14:41:34
ALTG-12:1201:HDO:9771,HDO,13.176,-26.712,0.0,0.0,13.176,0.0,13.75,52.8,DC,9771,27-Mar-2024 14:41:34
ALTG-13:1002:HDO:2003,HDO,13.176,-27.0,0.0,0.0,0.0,0.0,13.75,52.03,DC,2003,27-Mar-2024 14:41:34
ALTG-14:1005:HDO:2051,HDO,8.856,-19.08,0.0,0.172,0.0,0.0,9.13,35.2,DC,2051,27-Mar-2024 14:41:34
ALTG-14:1005:HDO:6760,HDO,4.32,-8.568,0.0,0.0,0.0,0.0,4.51,17.49,DC,6760,27-Mar-2024 14:41:34
ALTG-15:1016:HDC:3595,HDC,0.0,-0.216,0.0,0.0,0.0,0.0,0.0,8.03,DC,3595,27-Mar-2024 14:41:34
ALTG-15:1016:HDC:3600,HDC,0.0,0.0,0.0,0.0,0.0,0.0,0.0,9.79,DC,3600,27-Mar-2024 14:41:34
ALTG-15:1016:HDC:3607,HDC,0.0,-0.216,0.0,0.0,0.0,0.0,0.0,8.03,DC,3607,27-Mar-2024 14:41:34
ALTG-15:1016:HDC:3610,HDC,0.0,0.0,0.0,0.0,0.0,0.0,0.0,9.79,DC,3610,27-Mar-2024 14:41:34
ALTG-15:1016:HDC:3615,HDC,0.0,-0.072,0.0,0.0,0.0,0.0,0.0,15.95,DC,3615,27-Mar-2024 14:41:34
ALTG-15:1016:HDC:3616,HDC,0.0,-0.432,0.0,0.0,0.0,0.0,0.0,13.2,DC,3616,27-Mar-2024 14:41:34
ALTG-15:1016:HDC:3617,HDC,0.0,-0.216,0.0,0.0,0.0,0.0,0.0,25.52,DC,3617,27-Mar-2024 14:41:34
ALTG-15:1016:HDC:3620,HDC,0.0,-0.216,0.0,0.0,0.0,0.0,0.0,8.03,DC,3620,27-Mar-2024 14:41:34
ALTG-15:1016:HDC:3624,HDC,0.0,-0.072,0.0,0.0,0.0,0.0,0.0,14.52,DC,3624,27-Mar-2024 14:41:34
ALTG-15:1016:HDO:2056,HDO,0.0,0.0,0.0,0.0,0.0,0.0,0.0,0.0,DC,2056,27-Mar-2024 14:41:34
ALTG-15:1016:HDO:2660,HDO,0.0,-0.072,0.0,0.0,0.0,-0.07875,0.0,15.95,DC,2660,27-Mar-2024 14:41:34
ALTG-15:1016:HDO:3596,HDO,0.0,-0.072,0.0,0.0,0.0,-0.07875,0.0,15.95,DC,3596,27-Mar-2024 14:41:34
ALTG-15:1016:HDO:3599,HDO,0.0,-0.072,0.0,0.0,0.0,-0.07875,0.0,15.95,DC,3599,27-Mar-2024 14:41:34
ALTG-16:1307:HDO:6760,HDO,13.176,-27.0,0.0,0.0,0.0,0.0,13.75,52.91,DC,6760,27-Mar-2024 14:41:34
ALTG-17:1310:HDO:6760,HDO,13.176,-27.072,0.0,0.086,0.0,0.0,13.75,52.91,DC,6760,27-Mar-2024 14:41:34
ALTG-18:1204:HDO:9771,HDO,13.176,-27.0,0.0,0.0,0.0,0.0,13.75,52.8,DC,9771,27-Mar-2024 14:41:34
ALTG-19:1212:HDO:9771,HDO,1.224,-7.056,0.0,0.0,0.0,0.0,1.98,23.1,DC,9771,27-Mar-2024 14:41:34
ALTG-20:1318:HDO:6760,HDO,10.8,-22.104,0.0,0.258,0.0,0.0,11.22,4.07,DC,6760,27-Mar-2024 14:41:34
ALTG-21:708X:HDO:6760,HDO,4.464,-9.72,0.0,0.172,0.0,0.0,4.95,198.33,DC,6760,27-Mar-2024 14:41:34
ALTG-23:1023:HDO:6760,HDO,13.176,-26.856,0.0,0.0,0.0,0.0,13.75,52.14,DC,6760,27-Mar-2024 14:41:34
ALTG-24:1405:HDO:6760,HDO,13.176,-27.504,0.0,0.172,0.0,0.0,13.75,52.58,DC,6760,27-Mar-2024 14:41:34
ALTG-25:1024:HDO:2003,HDO,13.176,-27.216,0.0,-0.086,0.0,0.0,13.75,52.58,DC,2003,27-Mar-2024 14:41:34
ALTG-26:1025:HDO:6760,HDO,13.176,-27.576,0.0,0.0,0.0,0.0,13.75,52.58,DC,6760,27-Mar-2024 14:41:34
ALTG-27:1801:HDO:9771,HDO,4.68,-8.64,0.0,0.0,0.0,0.0,0.0,21.23,DC,9771,27-Mar-2024 14:41:34
ALTG-28:1028:HDO:6760,HDO,7.56,-15.336,0.0,-0.086,0.0,0.0,8.03,82.39,DC,6760,27-Mar-2024 14:41:34
ALTG-29:1029:HDO:6760,HDO,0.936,-2.448,0.0,0.0,0.0,0.0,0.22,6.6,DC,6760,27-Mar-2024 14:41:34
AMANSHAH:631X:NAF:9771,NAF,0.0,0.0,0.0,0.0,0.0,0.0,-0.11,0.33,DC,9771,27-Mar-2024 14:41:34
AMARPADHYA:506X:KAL:6760,KAL,0.648,-6.192,0.0,0.0,0.0,0.0,0.0,0.0,DC,6760,27-Mar-2024 14:41:34
ANG:912X:ANG:6760,ANG,0.0,0.0,0.0,0.0,0.0,0.0,0.0,0.0,DC,6760,27-Mar-2024 14:41:34
ANISHSHAH:504X:JPT:6760,JPT,0.0,18.0,0.0,0.0,0.0,0.0,0.0,75.79,DC,6760,27-Mar-2024 14:41:34
ANKURGANDHI:617X:NAF:9771,NAF,0.0,0.0,0.0,0.0,0.0,0.0,0.0,4.18,DC,9771,27-Mar-2024 14:41:34
ANKURSHETH:126X:KAL:6760,KAL,0.0,-2.88,0.0,0.0,0.0,0.0,0.0,8.14,DC,6760,27-Mar-2024 14:41:34
ARINTRA:706X:VEC:2928,VEC,0.0,0.0,0.0,0.0,0.0,0.0,0.0,0.0,DC,2928,27-Mar-2024 14:41:34
ARINTRA:706X:VEC:2985,VEC,0.0,0.0,0.0,0.0,0.0,0.0,0.0,0.0,DC,2985,27-Mar-2024 14:41:34
ARINTRA:706X:VEC:2994,VEC,0.0,0.0,0.0,0.0,0.0,0.0,0.0,0.0,DC,2994,27-Mar-2024 14:41:34
ARINTRA:706X:VEC:3535,VEC,0.0,0.0,0.0,0.0,0.0,0.0,0.0,0.0,DC,3535,27-Mar-2024 14:41:34
ARINTRA:706X:VEC:3600,VEC,0.0,0.0,0.0,0.0,0.0,0.0,0.0,0.0,DC,3600,27-Mar-2024 14:41:34
ARINTRA:706X:VEC:3610,VEC,0.0,0.0,0.0,0.0,0.0,0.0,0.0,0.0,DC,3610,27-Mar-2024 14:41:34
ARINTRA:706X:VEC:3620,VEC,0.0,0.0,0.0,0.0,0.0,0.0,0.0,0.0,DC,3620,27-Mar-2024 14:41:34
ARINTRA:706X:VEC:3624,VEC,0.0,0.0,0.0,0.0,0.0,0.0,0.0,0.0,DC,3624,27-Mar-2024 14:41:34
ARINTRA:706X:VEO:2003,VEO,0.0,0.0,0.0,0.0,0.0,0.0,0.0,15.84,DC,2003,27-Mar-2024 14:41:34
ARINTRA:706X:VEO:2051,VEO,0.0,0.0,0.0,0.0,0.0,0.0,0.0,7.92,DC,2051,27-Mar-2024 14:41:34
ARINTRA:706X:VEO:3599,VEO,0.0,0.0,0.0,0.0,0.0,0.0,0.0,7.92,DC,3599,27-Mar-2024 14:41:34
ARINTRA:706X:VEO:6760,VEO,0.0,0.0,0.0,0.0,0.0,0.0,0.0,15.84,DC,6760,27-Mar-2024 14:41:34
ARPITDAMANI:514X:NAV:6760,NAV,0.0,0.0,0.0,0.0,0.0,0.0,0.0,0.0,DC,6760,27-Mar-2024 14:41:34
BHAUMIKDAWDA:601X:NAI:9771,NAI,0.0,-26.28,0.0,0.0,0.0,0.0,0.0,-22.44,DC,9771,27-Mar-2024 14:41:34
BHAVESHJOSHI:932X:VIY:6760,VIY,0.0,-5.688,0.0,0.0,0.0,0.0,0.0,12.54,DC,6760,27-Mar-2024 14:41:34
BHAVINSHAH:622X:NAF:9771,NAF,0.0,0.0,0.0,0.0,0.0,0.0,0.0,14.85,DC,9771,27-Mar-2024 14:41:34
DEEPAKKUSHWAHA:944X:JAS:6760,JAS,0.0,0.0,0.0,0.0,0.0,0.0,0.0,0.0,DC,6760,27-Mar-2024 14:41:34
DELHI:913P:DEL:6760,DEL,1.728,-3.456,0.0,0.0,0.0,0.0,2.42,54.45,DC,6760,27-Mar-2024 14:41:34
DELTAV6V2:720X:VEC:3595,VEC,0.0,0.0,0.0,0.0,0.0,0.0,0.0,0.22,DC,3595,27-Mar-2024 14:41:34
DELTAV6V2:720X:VEC:3607,VEC,0.0,0.0,0.0,0.0,0.0,0.0,0.0,0.22,DC,3607,27-Mar-2024 14:41:34
DELTAV6V2:720X:VEC:3620,VEC,0.0,0.0,0.0,0.0,0.0,0.0,0.0,0.22,DC,3620,27-Mar-2024 14:41:34
DELTAV6V2:720X:VEC:3624,VEC,0.0,0.0,0.0,0.0,0.0,0.0,0.0,0.22,DC,3624,27-Mar-2024 14:41:34
DELTAV6V2:720X:VSS:2056,VSS,0.0,0.0,0.0,0.0,0.0,0.0,0.0,0.55,DC,2056,27-Mar-2024 14:41:34
DELTAV7STOCKS:711X:VEO:6760,VEO,0.0,0.0,0.0,0.0,0.0,0.0,0.0,-0.22,DC,6760,27-Mar-2024 14:41:34
DELTAV7V2:108X:VEC:2928,VEC,0.0,-0.648,0.0,0.0,0.0,0.0,0.0,0.22,DC,2928,27-Mar-2024 14:41:34
DELTAV7V2:108X:VEC:2994,VEC,0.0,-0.648,0.0,0.0,0.0,0.0,0.0,0.22,DC,2994,27-Mar-2024 14:41:34
DELTAV7V2:108X:VEC:3535,VEC,0.0,-0.648,0.0,0.0,0.0,0.0,0.0,0.22,DC,3535,27-Mar-2024 14:41:34
DELTAV7V2:108X:VEC:3595,VEC,0.0,-0.648,0.0,0.0,0.0,0.0,0.0,0.22,DC,3595,27-Mar-2024 14:41:34
DELTAV7V2:108X:VEC:3600,VEC,0.0,-1.08,0.0,0.0,0.0,0.0,0.0,0.44,DC,3600,27-Mar-2024 14:41:34
DELTAV7V2:108X:VEC:3610,VEC,0.0,-1.08,0.0,0.0,0.0,0.0,0.0,0.44,DC,3610,27-Mar-2024 14:41:34
DELTAV7V2:108X:VEC:3620,VEC,0.0,-0.72,0.0,0.0,0.0,0.0,0.0,0.44,DC,3620,27-Mar-2024 14:41:34
DELTAV7V2:108X:VEC:3624,VEC,0.0,-0.72,0.0,0.0,0.0,0.0,0.0,0.44,DC,3624,27-Mar-2024 14:41:34
DELTAV7V2:108X:VEO:2003,VEO,0.0,-3.816,0.0,0.0,0.0,0.0,0.0,1.76,DC,2003,27-Mar-2024 14:41:34
DELTAV7V2:108X:VEO:2051,VEO,0.0,-1.872,0.0,0.0,0.0,0.0,0.0,0.88,DC,2051,27-Mar-2024 14:41:34
DELTAV7V2:108X:VEO:3599,VEO,0.0,-1.872,0.0,0.0,0.0,0.0,0.0,0.88,DC,3599,27-Mar-2024 14:41:34
DELTAV7V2:108X:VEO:6760,VEO,0.0,-3.816,0.0,0.0,0.0,0.0,0.0,1.76,DC,6760,27-Mar-2024 14:41:34
DELTAV7V2:108X:VSS:2056,VSS,0.0,-2.808,0.0,0.0,0.0,0.0,0.0,1.43,DC,2056,27-Mar-2024 14:41:34
DINESHVYAS:909X:DIO:6760,DIO,0.0,0.0,0.0,0.0,0.0,0.0,0.0,11.66,DC,6760,27-Mar-2024 14:41:34
DIPESHJAIN:119X:JAI:6760,JAI,-1.8,7.848,0.0,0.0,0.0,0.0,-5.39,-7.26,DC,6760,27-Mar-2024 14:41:34
DIPPRICE:906X:VEC:2985,VEC,0.36,0.0,0.0,0.0,0.0,0.0,0.0,1.1,DC,2985,27-Mar-2024 14:41:34
DIPPRICE:906X:VEC:2994,VEC,0.36,0.0,0.0,0.0,0.0,0.0,0.0,1.1,DC,2994,27-Mar-2024 14:41:34
DIPPRICE:906X:VEC:3535,VEC,0.36,0.0,0.0,0.0,0.0,0.0,0.0,1.1,DC,3535,27-Mar-2024 14:41:34
DIPPRICE:906X:VEC:3610,VEC,0.36,0.0,0.0,0.0,0.0,0.0,0.0,1.1,DC,3610,27-Mar-2024 14:41:34
DIPPRICE:906X:VEC:3620,VEC,0.216,0.0,0.0,0.0,0.0,0.0,0.0,1.1,DC,3620,27-Mar-2024 14:41:34
DIPPRICE:906X:VEC:3624,VEC,0.216,0.0,0.0,0.0,0.0,0.0,0.0,1.1,DC,3624,27-Mar-2024 14:41:34
DISHANTSHAH:933X:JAI:6760,JAI,0.0,-23.616,0.0,0.0,0.0,0.0,0.0,84.81,DC,6760,27-Mar-2024 14:41:34
GAURAVMUNI:613X:NAF:9771,NAF,2.16,-8.352,0.0,0.0,0.0,0.0,1.54,-6.6,DC,9771,27-Mar-2024 14:41:34
GAURAVUDESHI:942X:JAI:6760,JAI,0.0,0.0,0.0,0.0,0.0,0.0,0.0,-3.08,DC,6760,27-Mar-2024 14:41:34
GQC1:1444:GQC:3595,GQC,0.0,0.0,0.0,0.0,0.0,0.0,0.0,0.33,DC,3595,27-Mar-2024 14:41:34
GQC1:1444:GQC:3600,GQC,0.0,0.0,0.0,0.0,0.0,0.0,0.0,0.33,DC,3600,27-Mar-2024 14:41:34
GQC1:1444:GQC:3601,GQC,0.0,0.0,0.0,0.0,0.0,0.0,0.0,0.33,DC,3601,27-Mar-2024 14:41:34
GQC1:1444:GQC:3607,GQC,0.0,0.0,0.0,0.0,0.0,0.0,0.0,0.33,DC,3607,27-Mar-2024 14:41:34
GQC1:1444:GQC:3610,GQC,0.0,0.0,0.0,0.0,0.0,0.0,0.0,0.66,DC,3610,27-Mar-2024 14:41:34
GQC1:1444:GQC:3615,GQC,0.0,0.0,0.0,0.0,0.0,0.0,0.0,0.33,DC,3615,27-Mar-2024 14:41:34
GQC1:1444:GQC:3616,GQC,0.0,0.0,0.0,0.0,0.0,0.0,0.0,0.33,DC,3616,27-Mar-2024 14:41:34
GQC1:1444:GQC:3617,GQC,0.0,0.0,0.0,0.0,0.0,0.0,0.0,0.33,DC,3617,27-Mar-2024 14:41:34
GQC1:1444:GQC:3619,GQC,0.0,0.0,0.0,0.0,0.0,0.0,0.0,0.33,DC,3619,27-Mar-2024 14:41:34
GQC1:1444:GQC:3620,GQC,0.0,0.0,0.0,0.0,0.0,0.0,0.0,0.33,DC,3620,27-Mar-2024 14:41:34
GQC2:1344:GQC:3595,GQC,0.0,0.0,0.0,0.0,0.0,0.0,0.0,1.1,DC,3595,27-Mar-2024 14:41:34
GQC2:1344:GQC:3600,GQC,0.0,0.0,0.0,0.0,0.0,0.0,0.0,1.1,DC,3600,27-Mar-2024 14:41:34
GQC2:1344:GQC:3601,GQC,0.0,0.0,0.0,0.0,0.0,0.0,0.0,1.76,DC,3601,27-Mar-2024 14:41:34
GQC2:1344:GQC:3607,GQC,0.0,0.0,0.0,0.0,0.0,0.0,0.0,1.1,DC,3607,27-Mar-2024 14:41:34
GQC2:1344:GQC:3610,GQC,0.0,0.0,0.0,0.0,0.0,0.0,0.0,3.3,DC,3610,27-Mar-2024 14:41:34
GQC2:1344:GQC:3615,GQC,0.0,0.0,0.0,0.0,0.0,0.0,0.0,1.1,DC,3615,27-Mar-2024 14:41:34
GQC2:1344:GQC:3616,GQC,0.0,0.0,0.0,0.0,0.0,0.0,0.0,1.76,DC,3616,27-Mar-2024 14:41:34
GQC2:1344:GQC:3617,GQC,0.0,0.0,0.0,0.0,0.0,0.0,0.0,1.76,DC,3617,27-Mar-2024 14:41:34
GQC2:1344:GQC:3619,GQC,0.0,0.0,0.0,0.0,0.0,0.0,0.0,1.76,DC,3619,27-Mar-2024 14:41:34
GQC2:1344:GQC:3620,GQC,0.0,0.0,0.0,0.0,0.0,0.0,0.0,1.76,DC,3620,27-Mar-2024 14:41:34
GQO1:1144:GQO:3596,GQO,0.0,0.0,0.0,0.0,0.0,0.0,0.0,0.0,DC,3596,27-Mar-2024 14:41:34
GQO3:1443:GQO:2660,GQO,0.0,0.0,0.0,0.0,0.0,0.0,0.0,6.6,DC,2660,27-Mar-2024 14:41:34
GQO4:1041:GQO:6760,GQO,0.0,0.0,0.0,0.0,0.0,0.0,0.0,0.0,DC,6760,27-Mar-2024 14:41:34
GQO7:1044:GQO:6760,GQO,0.0,0.0,0.0,0.0,0.0,0.0,0.0,39.6,DC,6760,27-Mar-2024 14:41:34
GQO8:1043:GQO:6760,GQO,0.0,0.0,0.0,0.0,0.0,0.0,0.0,6.6,DC,6760,27-Mar-2024 14:41:34
GQS1:1441:GQS:6760,GQS,0.0,0.0,0.0,0.0,0.0,0.0,0.0,2.2,DC,6760,27-Mar-2024 14:41:34
GQS2:1142:GQS:6760,GQS,0.0,0.0,0.0,0.0,0.0,0.0,0.0,5.5,DC,6760,27-Mar-2024 14:41:34
HARDIKPATEL:535X:JAS:6760,JAS,0.0,0.0,0.0,0.0,0.0,0.0,0.0,0.0,DC,6760,27-Mar-2024 14:41:34
HARISHLADDHA:951X:JAI:6760,JAI,0.0,0.0,0.0,0.0,0.0,0.0,-1.87,-19.47,DC,6760,27-Mar-2024 14:41:34
HARSHILDOSHI:508X:JAS:6760,JAS,15.912,-31.824,0.0,0.0,0.0,0.0,17.49,-6.6,DC,6760,27-Mar-2024 14:41:34
HARSHMEHTA:109X:JAI:6760,JAI,0.0,-7.416,0.0,0.0,0.0,0.0,0.0,-17.93,DC,6760,27-Mar-2024 14:41:34
HEDGE:1063:SIC:3542,SIC,0.0,0.0,0.0,0.0,0.0,0.0,0.0,0.0,DC,3542,27-Mar-2024 14:41:34
HEDGE:1063:SIC:3595,SIC,0.0,0.0,0.0,0.0,0.0,0.0,0.0,0.0,DC,3595,27-Mar-2024 14:41:34
HEDGE:1063:SIC:3600,SIC,0.0,0.0,0.0,0.0,0.0,0.0,0.0,0.0,DC,3600,27-Mar-2024 14:41:34
HEDGE:1063:SIC:3605,SIC,0.0,0.0,0.0,0.0,0.0,0.0,0.0,0.0,DC,3605,27-Mar-2024 14:41:34
HEDGE:1063:SIC:3607,SIC,0.0,0.0,0.0,0.0,0.0,0.0,0.0,0.0,DC,3607,27-Mar-2024 14:41:34
HEDGE:1063:SIC:3615,SIC,0.0,0.0,0.0,0.0,0.0,0.0,0.0,0.0,DC,3615,27-Mar-2024 14:41:34
HEDGE:1063:SIC:3616,SIC,0.0,0.0,0.0,0.0,0.0,0.0,0.0,0.0,DC,3616,27-Mar-2024 14:41:34
HEDGE:1063:SIC:3617,SIC,0.0,0.0,0.0,0.0,0.0,0.0,0.0,0.0,DC,3617,27-Mar-2024 14:41:34
HEDGE:1063:SIC:3620,SIC,0.0,0.0,0.0,0.0,0.0,0.0,0.0,0.0,DC,3620,27-Mar-2024 14:41:34
HEDGE:1063:SIC:3623,SIC,0.0,0.0,0.0,0.0,0.0,0.0,0.0,0.0,DC,3623,27-Mar-2024 14:41:34
HEDGE:1063:SIO:2051,SIO,0.0,0.0,0.0,0.0,0.0,0.0,0.0,0.0,DC,2051,27-Mar-2024 14:41:34
HEDGE:1063:SIO:2660,SIO,0.0,0.0,0.0,0.0,0.0,0.0,0.0,0.0,DC,2660,27-Mar-2024 14:41:34
HEDGE:1063:SIO:3596,SIO,0.0,0.0,0.0,0.0,0.0,0.0,0.0,0.0,DC,3596,27-Mar-2024 14:41:34
HEDGE:1063:SIO:3599,SIO,0.0,0.0,0.0,0.0,0.0,0.0,0.0,0.0,DC,3599,27-Mar-2024 14:41:34
HEDGE:1063:SIO:6760,SIO,0.0,0.0,0.0,0.0,0.0,0.0,0.0,0.0,DC,6760,27-Mar-2024 14:41:34
ISHANTJAIN:516X:JPT:6760,JPT,0.0,1.08,0.0,0.0,0.0,0.0,0.0,0.0,DC,6760,27-Mar-2024 14:41:34
ISYS:1209:VEO:9771,VEO,-3.528,0.936,0.0,0.0,0.0,0.0,0.0,14.96,DC,9771,27-Mar-2024 14:41:34
JASHNANKANI:138X:JAS:6760,JAS,0.0,0.0,0.0,0.0,0.0,0.0,0.0,0.0,DC,6760,27-Mar-2024 14:41:34
JAYDEEPV:954X:JAI:6760,JAI,-0.72,25.56,0.0,0.0,0.0,0.0,0.22,5.06,DC,6760,27-Mar-2024 14:41:34
JINKALSHAH:113X:JAI:6760,JAI,0.0,0.0,0.0,0.0,0.0,0.0,0.0,35.97,DC,6760,27-Mar-2024 14:41:34
JOGESHMOURYA:939X:JAI:6760,JAI,-0.792,-8.208,0.0,0.0,0.0,0.0,-8.14,-29.59,DC,6760,27-Mar-2024 14:41:34
KALPESHDESAI:131X:KAL:6760,KAL,-1.944,3.528,0.0,0.0,0.0,0.0,-2.86,15.51,DC,6760,27-Mar-2024 14:41:34
KEVINGOPANI:924X:KAL:6760,KAL,-0.864,-13.104,0.0,0.0,0.0,0.0,0.22,-8.91,DC,6760,27-Mar-2024 14:41:34
LALITJAIN:104X:JAI:6760,JAI,85.68,-122.688,0.0,0.0,0.0,0.0,67.65,-156.64,DC,6760,27-Mar-2024 14:41:34
MANISHNIHARIA:952X:JAI:6760,JAI,-1.296,-6.552,0.0,0.0,0.0,0.0,-7.15,-12.76,DC,6760,27-Mar-2024 14:41:34
MANOJDINODIA:948X:JAI:6760,JAI,10.152,-12.96,0.0,0.0,0.0,0.0,10.23,-7.26,DC,6760,27-Mar-2024 14:41:34
MIHIRSHAH:523X:SHR:6760,SHR,0.0,0.0,0.0,0.0,0.0,0.0,0.0,0.0,DC,6760,27-Mar-2024 14:41:34
MILANDOSHI:116X:JAI:6760,JAI,0.0,0.0,0.0,0.0,0.0,0.0,0.0,0.0,DC,6760,27-Mar-2024 14:41:34
MILANSHAH:128X:KAL:6760,KAL,0.0,-8.928,0.0,0.0,0.0,0.0,0.0,0.0,DC,6760,27-Mar-2024 14:41:34
MISC:705X:HEO:2056,HEO,0.0,0.0,0.0,0.0,0.0,0.0,0.0,-40.81,DC,2056,27-Mar-2024 14:41:34
MISC:709X:KLC:2985,KLC,0.0,0.432,0.0,0.0,0.0,0.0,0.0,0.44,DC,2985,27-Mar-2024 14:41:34
MISC:709X:KLC:2994,KLC,0.0,0.216,0.0,0.0,0.0,0.0,0.0,0.22,DC,2994,27-Mar-2024 14:41:34
MISC:709X:KLC:3535,KLC,0.0,0.216,0.0,0.0,0.0,0.0,0.0,0.22,DC,3535,27-Mar-2024 14:41:34
MITESHPAREKH:926X:KAL:6760,KAL,-0.144,0.0,0.0,0.0,0.0,0.0,-0.33,-2.2,DC,6760,27-Mar-2024 14:41:34
MSS:1361:SIX:6760,SIX,0.0,0.0,0.0,0.0,0.0,0.0,0.0,0.0,DC,6760,27-Mar-2024 14:41:34
NAMITBAGADIA:604X:NAI:9771,NAI,-1.152,-32.184,0.0,0.0,0.0,0.0,0.0,-6.93,DC,9771,27-Mar-2024 14:41:34
NAVNEETBHATTAR:120X:NAV:6760,NAV,0.0,0.0,0.0,0.0,0.0,0.0,0.0,0.0,DC,6760,27-Mar-2024 14:41:34
NAWROJDAMANI:526X:NAV:6760,NAV,0.0,0.0,0.0,0.0,0.0,0.0,0.0,0.0,DC,6760,27-Mar-2024 14:41:34
NAYANGADA:533X:JAI:6760,JAI,0.0,4.32,0.0,0.0,0.0,0.0,0.0,41.03,DC,6760,27-Mar-2024 14:41:34
NIKITMEHTA:107X:JAI:6760,JAI,0.0,-4.32,0.0,0.0,0.0,0.0,0.0,22.99,DC,6760,27-Mar-2024 14:41:34
NILESHSONI:602X:NAS:9771,NAS,-9.72,-64.368,0.0,0.0,0.0,0.0,-2.64,-37.4,DC,9771,27-Mar-2024 14:41:34
NISHANTJAIN:106X:JPT:6760,JPT,0.0,-17.568,0.0,0.0,0.0,0.0,0.0,668.47,DC,6760,27-Mar-2024 14:41:34
OI-1:1062:SIC:3542,SIC,0.0,0.0,0.0,0.0,0.0,0.0,0.0,0.11,DC,3542,27-Mar-2024 14:41:34
OI-1:1062:SIC:3595,SIC,0.0,0.0,0.0,0.0,0.0,0.0,0.0,0.11,DC,3595,27-Mar-2024 14:41:34
OI-1:1062:SIC:3600,SIC,0.0,0.0,0.0,0.0,0.0,0.0,0.0,0.44,DC,3600,27-Mar-2024 14:41:34
OI-1:1062:SIC:3605,SIC,0.0,0.0,0.0,0.0,0.0,0.0,0.0,0.33,DC,3605,27-Mar-2024 14:41:34
OI-1:1062:SIC:3607,SIC,0.0,0.0,0.0,0.0,0.0,0.0,0.0,0.44,DC,3607,27-Mar-2024 14:41:34
OI-1:1062:SIC:3615,SIC,0.0,0.0,0.0,0.0,0.0,0.0,0.0,0.0,DC,3615,27-Mar-2024 14:41:34
OI-1:1062:SIC:3616,SIC,0.0,0.0,0.0,0.0,0.0,0.0,0.0,0.11,DC,3616,27-Mar-2024 14:41:34
OI-1:1062:SIC:3617,SIC,0.0,0.0,0.0,0.0,0.0,0.0,0.0,0.11,DC,3617,27-Mar-2024 14:41:34
OI-1:1062:SIC:3620,SIC,0.0,0.0,0.0,0.0,0.0,0.0,0.0,0.0,DC,3620,27-Mar-2024 14:41:34
OI-1:1062:SIC:3623,SIC,0.0,0.0,0.0,0.0,0.0,0.0,0.0,0.0,DC,3623,27-Mar-2024 14:41:34
OI-1:1062:SIO:2051,SIO,0.0,0.0,0.0,0.0,0.0,0.0,0.0,0.88,DC,2051,27-Mar-2024 14:41:34
OI-1:1062:SIO:2660,SIO,0.0,0.0,0.0,0.0,0.0,0.0,0.0,0.44,DC,2660,27-Mar-2024 14:41:34
OI-1:1062:SIO:3596,SIO,0.0,0.0,0.0,0.0,0.0,0.0,0.0,0.44,DC,3596,27-Mar-2024 14:41:34
OI-1:1062:SIO:3599,SIO,0.0,0.0,0.0,0.0,0.0,0.0,0.0,0.44,DC,3599,27-Mar-2024 14:41:34
OI-1:1062:SIO:6760,SIO,0.0,0.0,0.0,0.0,0.0,0.0,0.0,2.64,DC,6760,27-Mar-2024 14:41:34
OI-2:1061:SIC:3542,SIC,0.0,0.0,0.0,0.0,0.0,0.0,0.0,0.44,DC,3542,27-Mar-2024 14:41:34
OI-2:1061:SIC:3595,SIC,0.0,0.0,0.0,0.0,0.0,0.0,0.0,0.0,DC,3595,27-Mar-2024 14:41:34
OI-2:1061:SIC:3600,SIC,0.0,0.0,0.0,0.0,0.0,0.0,0.0,0.0,DC,3600,27-Mar-2024 14:41:34
OI-2:1061:SIC:3605,SIC,0.0,0.0,0.0,0.0,0.0,0.0,0.0,0.0,DC,3605,27-Mar-2024 14:41:34
OI-2:1061:SIC:3607,SIC,0.0,0.0,0.0,0.0,0.0,0.0,0.0,0.0,DC,3607,27-Mar-2024 14:41:34
OI-2:1061:SIC:3615,SIC,0.0,0.0,0.0,0.0,0.0,0.0,0.0,0.33,DC,3615,27-Mar-2024 14:41:34
OI-2:1061:SIC:3616,SIC,0.0,0.0,0.0,0.0,0.0,0.0,0.0,0.33,DC,3616,27-Mar-2024 14:41:34
OI-2:1061:SIC:3617,SIC,0.0,0.0,0.0,0.0,0.0,0.0,0.0,0.0,DC,3617,27-Mar-2024 14:41:34
OI-2:1061:SIC:3620,SIC,0.0,0.0,0.0,0.0,0.0,0.0,0.0,0.0,DC,3620,27-Mar-2024 14:41:34
OI-2:1061:SIC:3623,SIC,0.0,0.0,0.0,0.0,0.0,0.0,0.0,0.11,DC,3623,27-Mar-2024 14:41:34
OI-2:1061:SIO:2051,SIO,0.0,0.0,0.0,0.0,0.0,0.0,0.0,1.21,DC,2051,27-Mar-2024 14:41:34
OI-2:1061:SIO:2660,SIO,0.0,0.0,0.0,0.0,0.0,0.0,0.0,0.55,DC,2660,27-Mar-2024 14:41:34
OI-2:1061:SIO:3596,SIO,0.0,0.0,0.0,0.0,0.0,0.0,0.0,0.33,DC,3596,27-Mar-2024 14:41:34
OI-2:1061:SIO:3599,SIO,0.0,0.0,0.0,0.0,0.0,0.0,0.0,0.44,DC,3599,27-Mar-2024 14:41:34
OI-2:1061:SIO:6760,SIO,0.0,0.0,0.0,0.0,0.0,0.0,0.0,2.53,DC,6760,27-Mar-2024 14:41:34
OI-3:1162:SIC:3542,SIC,0.0,0.0,0.0,0.0,0.0,0.0,0.0,0.33,DC,3542,27-Mar-2024 14:41:34
OI-3:1162:SIC:3595,SIC,0.0,0.0,0.0,0.0,0.0,0.0,0.0,0.0,DC,3595,27-Mar-2024 14:41:34
OI-3:1162:SIC:3600,SIC,0.0,0.0,0.0,0.0,0.0,0.0,0.0,0.0,DC,3600,27-Mar-2024 14:41:34
OI-3:1162:SIC:3605,SIC,0.0,0.0,0.0,0.0,0.0,0.0,0.0,0.0,DC,3605,27-Mar-2024 14:41:34
OI-3:1162:SIC:3607,SIC,0.0,0.0,0.0,0.0,0.0,0.0,0.0,0.0,DC,3607,27-Mar-2024 14:41:34
OI-3:1162:SIC:3615,SIC,0.0,0.0,0.0,0.0,0.0,0.0,0.0,0.0,DC,3615,27-Mar-2024 14:41:34
OI-3:1162:SIC:3616,SIC,0.0,0.0,0.0,0.0,0.0,0.0,0.0,0.0,DC,3616,27-Mar-2024 14:41:34
OI-3:1162:SIC:3617,SIC,0.0,0.0,0.0,0.0,0.0,0.0,0.0,0.33,DC,3617,27-Mar-2024 14:41:34
OI-3:1162:SIC:3620,SIC,0.0,0.0,0.0,0.0,0.0,0.0,0.0,0.0,DC,3620,27-Mar-2024 14:41:34
OI-3:1162:SIC:3623,SIC,0.0,0.0,0.0,0.0,0.0,0.0,0.0,0.0,DC,3623,27-Mar-2024 14:41:34
OI-3:1162:SIO:2051,SIO,0.0,0.0,0.0,0.0,0.0,0.0,0.0,0.0,DC,2051,27-Mar-2024 14:41:34
OI-3:1162:SIO:2660,SIO,0.0,0.0,0.0,0.0,0.0,0.0,0.0,0.0,DC,2660,27-Mar-2024 14:41:34
OI-3:1162:SIO:3596,SIO,0.0,0.0,0.0,0.0,0.0,0.0,0.0,0.0,DC,3596,27-Mar-2024 14:41:34
OI-3:1162:SIO:3599,SIO,0.0,0.0,0.0,0.0,0.0,0.0,0.0,0.0,DC,3599,27-Mar-2024 14:41:34
OI-3:1162:SIO:6760,SIO,0.0,0.0,0.0,0.0,0.0,0.0,0.0,0.0,DC,6760,27-Mar-2024 14:41:34
OI-4:1461:SIC:3542,SIC,0.0,0.0,0.0,0.0,0.0,0.0,0.0,0.44,DC,3542,27-Mar-2024 14:41:34
OI-4:1461:SIC:3595,SIC,0.0,0.0,0.0,0.0,0.0,0.0,0.0,0.33,DC,3595,27-Mar-2024 14:41:34
OI-4:1461:SIC:3600,SIC,0.0,0.0,0.0,0.0,0.0,0.0,0.0,0.0,DC,3600,27-Mar-2024 14:41:34
OI-4:1461:SIC:3605,SIC,0.0,0.0,0.0,0.0,0.0,0.0,0.0,0.11,DC,3605,27-Mar-2024 14:41:34
OI-4:1461:SIC:3615,SIC,0.0,0.0,0.0,0.0,0.0,0.0,0.0,0.11,DC,3615,27-Mar-2024 14:41:34
OI-4:1461:SIC:3616,SIC,0.0,0.0,0.0,0.0,0.0,0.0,0.0,0.0,DC,3616,27-Mar-2024 14:41:34
OI-4:1461:SIC:3617,SIC,0.0,0.0,0.0,0.0,0.0,0.0,0.0,0.44,DC,3617,27-Mar-2024 14:41:34
OI-4:1461:SIC:3620,SIC,0.0,0.0,0.0,0.0,0.0,0.0,0.0,0.0,DC,3620,27-Mar-2024 14:41:34
OI-4:1461:SIC:3623,SIC,0.0,0.0,0.0,0.0,0.0,0.0,0.0,0.33,DC,3623,27-Mar-2024 14:41:34
OI-4:1461:SIO:2051,SIO,0.0,0.0,0.0,0.0,0.0,0.0,0.0,0.99,DC,2051,27-Mar-2024 14:41:34
OI-4:1461:SIO:2660,SIO,0.0,0.0,0.0,0.0,0.0,0.0,0.0,0.77,DC,2660,27-Mar-2024 14:41:34
OI-4:1461:SIO:3596,SIO,0.0,0.0,0.0,0.0,0.0,0.0,0.0,0.11,DC,3596,27-Mar-2024 14:41:34
OI-4:1461:SIO:3599,SIO,0.0,0.0,0.0,0.0,0.0,0.0,0.0,0.44,DC,3599,27-Mar-2024 14:41:34
OI-4:1461:SIO:6760,SIO,0.0,0.0,0.0,0.0,0.0,0.0,0.0,2.31,DC,6760,27-Mar-2024 14:41:34
PANKITSHAH:536X:JAI:6760,JAI,-2.808,14.544,0.0,0.0,0.0,0.0,1.87,-6.6,DC,6760,27-Mar-2024 14:41:34
PARESHJAIN:916X:SHR:6760,SHR,0.0,0.0,0.0,0.0,0.0,0.0,0.0,7.48,DC,6760,27-Mar-2024 14:41:34
PIC:1064:SIC:3542,SIC,0.0,0.0,0.0,0.0,0.0,0.0,0.0,0.55,DC,3542,27-Mar-2024 14:41:34
PIC:1064:SIC:3595,SIC,0.0,0.0,0.0,0.0,0.0,0.0,0.0,0.0,DC,3595,27-Mar-2024 14:41:34
PIC:1064:SIC:3600,SIC,0.0,0.0,0.0,0.0,0.0,0.0,0.0,0.0,DC,3600,27-Mar-2024 14:41:34
PIC:1064:SIC:3605,SIC,0.0,0.0,0.0,0.0,0.0,0.0,0.0,0.0,DC,3605,27-Mar-2024 14:41:34
PIC:1064:SIC:3607,SIC,0.0,0.0,0.0,0.0,0.0,0.0,0.0,0.0,DC,3607,27-Mar-2024 14:41:34
PIC:1064:SIC:3615,SIC,0.0,0.0,0.0,0.0,0.0,0.0,0.0,0.0,DC,3615,27-Mar-2024 14:41:34
PIC:1064:SIC:3616,SIC,0.0,0.0,0.0,0.0,0.0,0.0,0.0,0.0,DC,3616,27-Mar-2024 14:41:34
PIC:1064:SIC:3617,SIC,0.0,0.0,0.0,0.0,0.0,0.0,0.0,0.0,DC,3617,27-Mar-2024 14:41:34
PIC:1064:SIC:3620,SIC,0.0,0.0,0.0,0.0,0.0,0.0,0.0,0.0,DC,3620,27-Mar-2024 14:41:34
PIC:1064:SIC:3623,SIC,0.0,0.0,0.0,0.0,0.0,0.0,0.0,0.0,DC,3623,27-Mar-2024 14:41:34
PIC:1064:SIO:2051,SIO,0.0,0.0,0.0,0.0,0.0,0.0,0.0,1.1,DC,2051,27-Mar-2024 14:41:34
PIC:1064:SIO:2660,SIO,0.0,0.0,0.0,0.0,0.0,0.0,0.0,0.55,DC,2660,27-Mar-2024 14:41:34
PIC:1064:SIO:3596,SIO,0.0,0.0,0.0,0.0,0.0,0.0,0.0,0.55,DC,3596,27-Mar-2024 14:41:34
PIC:1064:SIO:3599,SIO,0.0,0.0,0.0,0.0,0.0,0.0,0.0,0.55,DC,3599,27-Mar-2024 14:41:34
PIC:1064:SIO:6760,SIO,0.0,0.0,0.0,0.0,0.0,0.0,0.0,2.31,DC,6760,27-Mar-2024 14:41:34
PIC:1161:SIC:3542,SIC,0.0,0.0,0.0,0.0,0.0,0.0,0.0,0.66,DC,3542,27-Mar-2024 14:41:34
PIC:1161:SIC:3595,SIC,0.0,0.0,0.0,0.0,0.0,0.0,0.0,0.33,DC,3595,27-Mar-2024 14:41:34
PIC:1161:SIC:3600,SIC,0.0,0.0,0.0,0.0,0.0,0.0,0.0,0.33,DC,3600,27-Mar-2024 14:41:34
PIC:1161:SIC:3605,SIC,0.0,0.0,0.0,0.0,0.0,0.0,0.0,0.33,DC,3605,27-Mar-2024 14:41:34
PIC:1161:SIC:3607,SIC,0.0,0.0,0.0,0.0,0.0,0.0,0.0,0.33,DC,3607,27-Mar-2024 14:41:34
PIC:1161:SIC:3615,SIC,0.0,0.0,0.0,0.0,0.0,0.0,0.0,0.33,DC,3615,27-Mar-2024 14:41:34
PIC:1161:SIC:3616,SIC,0.0,0.0,0.0,0.0,0.0,0.0,0.0,0.33,DC,3616,27-Mar-2024 14:41:34
PIC:1161:SIC:3617,SIC,0.0,0.0,0.0,0.0,0.0,0.0,0.0,0.66,DC,3617,27-Mar-2024 14:41:34
PIC:1161:SIC:3620,SIC,0.0,0.0,0.0,0.0,0.0,0.0,0.0,0.33,DC,3620,27-Mar-2024 14:41:34
PIC:1161:SIC:3623,SIC,0.0,0.0,0.0,0.0,0.0,0.0,0.0,0.55,DC,3623,27-Mar-2024 14:41:34
PIC:1161:SIO:2051,SIO,0.0,0.0,0.0,0.0,0.0,0.0,0.0,0.99,DC,2051,27-Mar-2024 14:41:34
PIC:1161:SIO:2660,SIO,0.0,0.0,0.0,0.0,0.0,0.0,0.0,1.21,DC,2660,27-Mar-2024 14:41:34
PIC:1161:SIO:3596,SIO,0.0,0.0,0.0,0.0,0.0,0.0,0.0,0.66,DC,3596,27-Mar-2024 14:41:34
PIC:1161:SIO:3599,SIO,0.0,0.0,0.0,0.0,0.0,0.0,0.0,0.66,DC,3599,27-Mar-2024 14:41:34
PIC:1161:SIO:6760,SIO,0.0,0.0,0.0,0.0,0.0,0.0,0.0,3.74,DC,6760,27-Mar-2024 14:41:34
PIC:702P:SIC:3542,SIC,0.0,0.0,0.0,0.0,0.0,0.0,0.0,0.33,DC,3542,27-Mar-2024 14:41:34
PIC:702P:SIC:3595,SIC,0.0,0.0,0.0,0.0,0.0,0.0,0.0,0.0,DC,3595,27-Mar-2024 14:41:34
PIC:702P:SIC:3600,SIC,0.0,0.0,0.0,0.0,0.0,0.0,0.0,0.0,DC,3600,27-Mar-2024 14:41:34
PIC:702P:SIC:3605,SIC,0.0,0.0,0.0,0.0,0.0,0.0,0.0,0.0,DC,3605,27-Mar-2024 14:41:34
PIC:702P:SIC:3607,SIC,0.0,0.0,0.0,0.0,0.0,0.0,0.0,0.0,DC,3607,27-Mar-2024 14:41:34
PIC:702P:SIC:3615,SIC,0.0,0.0,0.0,0.0,0.0,0.0,0.0,0.0,DC,3615,27-Mar-2024 14:41:34
PIC:702P:SIC:3616,SIC,0.0,0.0,0.0,0.0,0.0,0.0,0.0,0.0,DC,3616,27-Mar-2024 14:41:34
PIC:702P:SIC:3617,SIC,0.0,0.0,0.0,0.0,0.0,0.0,0.0,0.55,DC,3617,27-Mar-2024 14:41:34
PIC:702P:SIC:3620,SIC,0.0,0.0,0.0,0.0,0.0,0.0,0.0,0.0,DC,3620,27-Mar-2024 14:41:34
PIC:702P:SIC:3623,SIC,0.0,0.0,0.0,0.0,0.0,0.0,0.0,0.0,DC,3623,27-Mar-2024 14:41:34
PIC:702P:SIO:2051,SIO,0.0,0.0,0.0,0.0,0.0,0.0,0.0,0.88,DC,2051,27-Mar-2024 14:41:34
PIC:702P:SIO:2660,SIO,0.0,0.0,0.0,0.0,0.0,0.0,0.0,0.33,DC,2660,27-Mar-2024 14:41:34
PIC:702P:SIO:3596,SIO,0.0,0.0,0.0,0.0,0.0,0.0,0.0,0.33,DC,3596,27-Mar-2024 14:41:34
PIC:702P:SIO:3599,SIO,0.0,0.0,0.0,0.0,0.0,0.0,0.0,0.55,DC,3599,27-Mar-2024 14:41:34
PIC:702P:SIO:6760,SIO,0.0,0.0,0.0,0.0,0.0,0.0,0.0,2.53,DC,6760,27-Mar-2024 14:41:34
PLUGM:906X:VEC:3607,VEC,-3.528,0.0,0.0,0.0,0.0,0.0,0.0,8.36,DC,3607,27-Mar-2024 14:41:34
PLUGM:906X:VEO:2003,VEO,-7.056,0.0,0.0,0.0,0.0,0.0,0.0,16.72,DC,2003,27-Mar-2024 14:41:34
PLUGM:906X:VEO:2051,VEO,-3.528,0.0,0.0,0.0,0.0,0.0,0.0,8.36,DC,2051,27-Mar-2024 14:41:34
PLUGM:906X:VEO:3596,VEO,-3.528,0.0,0.0,0.0,0.0,0.0,0.0,8.36,DC,3596,27-Mar-2024 14:41:34
PLUGM:906X:VEO:6760,VEO,-7.056,0.0,0.0,0.0,0.0,0.0,0.0,16.72,DC,6760,27-Mar-2024 14:41:34
PLUGM:906X:VSS:2056,VSS,-5.904,0.0,0.0,0.0,0.0,0.0,0.0,12.76,DC,2056,27-Mar-2024 14:41:34
PLUGS:901X:VEC:3607,VEC,0.0,2.448,0.0,0.0,0.0,0.0,0.0,-0.99,DC,3607,27-Mar-2024 14:41:34
PLUGS:901X:VEO:2003,VEO,0.0,4.752,0.0,0.0,0.0,0.0,0.0,-5.28,DC,2003,27-Mar-2024 14:41:34
PLUGS:901X:VEO:2051,VEO,0.0,2.376,0.0,0.0,0.0,0.0,0.0,-2.31,DC,2051,27-Mar-2024 14:41:34
PLUGS:901X:VEO:3596,VEO,0.0,2.304,0.0,0.0,0.0,0.0,0.0,-2.2,DC,3596,27-Mar-2024 14:41:34
PLUGS:901X:VEO:6760,VEO,0.0,4.896,0.0,0.0,0.0,0.0,0.0,-7.04,DC,6760,27-Mar-2024 14:41:34
PLUGS:901X:VSS:2056,VSS,0.0,4.824,0.0,0.0,0.0,0.0,0.0,-4.84,DC,2056,27-Mar-2024 14:41:34
PRATIKMAURYA:953X:JAI:6760,JAI,-0.504,-6.768,0.0,0.0,0.0,0.0,-2.42,-13.75,DC,6760,27-Mar-2024 14:41:34
PUTLR:711X:VEO:6760,VEO,0.0,0.0,0.0,0.0,0.0,0.0,0.0,-0.22,DC,6760,27-Mar-2024 14:41:34
PUTLR:711X:VSS:2056,VSS,0.0,0.0,0.0,0.0,0.0,0.0,0.0,-0.22,DC,2056,27-Mar-2024 14:41:34
PUTMS:709X:VEO:6760,VEO,0.0,0.0,0.0,0.0,0.0,0.0,0.0,-2.2,DC,6760,27-Mar-2024 14:41:34
RAHULSHAH:111X:JAI:6760,JAI,1.368,-28.512,0.0,0.0,0.0,0.0,56.1,66.55,DC,6760,27-Mar-2024 14:41:34
RITESHJSHAH:505X:JAI:6760,JAI,12.384,-26.28,0.0,0.0,0.0,0.0,1.21,22.77,DC,6760,27-Mar-2024 14:41:34
RUPESHC:919X:JAI:6760,JAI,0.0,0.0,0.0,0.0,0.0,0.0,0.0,-14.74,DC,6760,27-Mar-2024 14:41:34
RUSHABHSHAH:935X:JAI:6760,JAI,0.0,-4.824,0.0,0.0,0.0,0.0,0.0,-5.61,DC,6760,27-Mar-2024 14:41:34
SAMKITSHAH:621X:NAF:9771,NAF,0.0,0.0,0.0,0.0,0.0,0.0,0.0,12.1,DC,9771,27-Mar-2024 14:41:34
SANKETMULHERKAR:524X:JAI:6760,JAI,0.0,-1.8,0.0,0.0,0.0,0.0,0.0,13.2,DC,6760,27-Mar-2024 14:41:34
SHAGUNRATHORE:517X:JPT:6760,JPT,0.0,0.0,0.0,0.0,0.0,0.0,0.0,0.0,DC,6760,27-Mar-2024 14:41:34
SHRENIKSHAH:940X:SHR:6760,SHR,0.0,0.0,0.0,0.0,0.0,0.0,0.0,0.0,DC,6760,27-Mar-2024 14:41:34
SPDM:102X:HEO:6760,HEO,0.0,0.0,0.0,0.0,0.0,0.0,0.0,57.2,DC,6760,27-Mar-2024 14:41:34
SPDM:625X:HEO:9771,HEO,0.0,0.0,0.0,0.0,0.0,0.0,0.0,0.0,DC,9771,27-Mar-2024 14:41:34
STDINTRA:720X:VEC:2928,VEC,0.0,0.0,0.0,0.0,0.0,0.0,0.0,0.22,DC,2928,27-Mar-2024 14:41:34
STDINTRA:720X:VEC:2985,VEC,0.0,0.0,0.0,0.0,0.0,0.0,0.0,0.22,DC,2985,27-Mar-2024 14:41:34
STDINTRA:720X:VEC:2994,VEC,0.0,0.0,0.0,0.0,0.0,0.0,0.0,0.22,DC,2994,27-Mar-2024 14:41:34
STDINTRA:720X:VEC:3535,VEC,0.0,0.0,0.0,0.0,0.0,0.0,0.0,0.22,DC,3535,27-Mar-2024 14:41:34
STDINTRA:720X:VEC:3600,VEC,0.0,0.0,0.0,0.0,0.0,0.0,0.0,0.22,DC,3600,27-Mar-2024 14:41:34
STDINTRA:720X:VEC:3610,VEC,0.0,0.0,0.0,0.0,0.0,0.0,0.0,0.22,DC,3610,27-Mar-2024 14:41:34
STDINTRA:720X:VEO:2003,VEO,0.0,0.0,0.0,0.0,0.0,0.0,0.0,1.54,DC,2003,27-Mar-2024 14:41:34
STDINTRA:720X:VEO:2051,VEO,0.0,0.0,0.0,0.0,0.0,0.0,0.0,0.77,DC,2051,27-Mar-2024 14:41:34
STDINTRA:720X:VEO:3596,VEO,0.0,0.0,0.0,0.0,0.0,0.0,0.0,0.55,DC,3596,27-Mar-2024 14:41:34
STDINTRA:720X:VEO:6760,VEO,0.0,0.0,0.0,0.0,0.0,0.0,0.0,1.54,DC,6760,27-Mar-2024 14:41:34
STOCKZM:738X:VEO:2003,VEO,0.0,0.0,0.0,0.0,0.0,0.0,0.0,2.2,DC,2003,27-Mar-2024 14:41:34
STOCKZM:738X:VEO:2051,VEO,0.0,0.0,0.0,0.0,0.0,0.0,0.0,2.2,DC,2051,27-Mar-2024 14:41:34
STOCKZM:738X:VEO:3599,VEO,0.0,0.0,0.0,0.0,0.0,0.0,0.0,0.0,DC,3599,27-Mar-2024 14:41:34
STOCKZM:738X:VEO:6760,VEO,0.0,0.0,0.0,0.0,0.0,0.0,0.0,2.2,DC,6760,27-Mar-2024 14:41:34
TEJASNAGPAL:718X:JAS:6760,JAS,0.0,0.0,0.0,0.0,0.0,0.0,0.0,-4.4,DC,6760,27-Mar-2024 14:41:34
VATSALSHAH:530X:JAI:6760,JAI,0.0,0.072,0.0,0.0,0.0,0.0,0.0,0.99,DC,6760,27-Mar-2024 14:41:34
VICKYSHETH:521X:VIY:6760,VIY,0.0,0.0,0.0,0.0,0.0,0.0,0.0,0.0,DC,6760,27-Mar-2024 14:41:34
VIKASAGRAWAL:101X:VIK:6760,VIK,63.0,-128.664,0.0,0.0,0.0,0.0,29.59,49.06,DC,6760,27-Mar-2024 14:41:34
VIKKYDAMANI:502X:JAI:6760,JAI,0.144,61.992,0.0,-0.258,0.0,0.0,2.2,-17.05,DC,6760,27-Mar-2024 14:41:34
VIKRANTYADAV:947X:JAI:6760,JAI,24.984,-35.352,0.0,0.0,0.0,0.0,0.0,6.49,DC,6760,27-Mar-2024 14:41:34
VIRAL CHAWDA:509X:JPT:6760,JPT,0.0,0.0,0.0,0.0,0.0,0.0,0.0,0.0,DC,6760,27-Mar-2024 14:41:34
VIVEKMISHRA:118X:VIK:6760,VIK,0.0,0.0,0.0,0.0,0.0,0.0,0.0,-3.41,DC,6760,27-Mar-2024 14:41:34
YAGNESHSHAH:110X:JAI:6760,JAI,0.0,-4.68,0.0,0.0,0.0,0.0,0.0,0.55,DC,6760,27-Mar-2024 14:41:34
YOGESHDALVI:620X:NAF:9771,NAF,0.0,0.0,0.0,0.0,0.0,0.0,0.0,2.64,DC,9771,27-Mar-2024 14:41:34
YOGESHMANGE:501X:JAI:6760,JAI,-0.072,-78.984,0.0,0.0,0.0,0.0,16.83,58.19,DC,6760,27-Mar-2024 14:41:34
